Workbook

Sheet ZONAL SUMMARY  (3)
A1: MINISTRY OF EDUCATION SCIENCE AND TECHNOLOGY
A2: DEPARTMENT OF SECONDARY
A3: SITUATION REPORT OF SECONDARY SCHOOL BY ZONES
A5: S/N | B5: NAME OF ZONE | D5: TOTAL NO OF LEARNERS IN SECONDARY SCHOOLS | E5: TOTAL NO OF LEARNERS IN TECHNICAL COLLEGES | F5: NUMBER OF TEACHERS | G5: NUMBER OF PRINCIPALS | H5: NUMBER OF SCHOOLS | I5: TOTAL NUMBER OF SCHOOLS | J5: TOTAL AMOUNT DUE @₦150 PER LEARNER IN SECONDARY SCHOOLS | K5: TOTAL AMOUNT DUE @₦1200 PER LEARNER IN TECHNICAL COLLEGES | L5: TOTAL NUMBER OF SCHOOLS WITH < OR = 1000 LEARNERS | M5: TOTAL NUMBER OF SCHOOLS WITH > 1000 LEARNERS
A6: 1 | B6: Abeokuta North | D6: ='ABEOKUTA NORTH'!CM33 -> 27701 | E6: NIL | I6: ='ABEOKUTA NORTH NEW'!B42 -> 27 | J6: ='ABEOKUTA NORTH NEW'!#REF! -> #REF! | K6: ='ABEOKUTA NORTH NEW'!#REF! -> #REF! | L6: ='ABEOKUTA NORTH NEW'!#REF! -> #REF! | M6: ='ABEOKUTA NORTH NEW'!#REF! -> #REF!
A7: 2 | B7: Abeokuta South | D7: ='ABEOKUTA SOUTH'!CP47-E7 -> 0 | E7: ='ABEOKUTA SOUTH'!CP46 -> 0 | I7: ='ABEOKUTA SOUTH NEW'!B49 -> 40 | J7: ='ABEOKUTA SOUTH NEW'!C49 -> #REF! | K7: ='ABEOKUTA SOUTH NEW'!#REF! -> #REF! | L7: ='ABEOKUTA SOUTH NEW'!C49 -> #REF! | M7: ='ABEOKUTA SOUTH NEW'!#REF! -> #REF!
A8: 3 | B8: Ado-Odo/Ota | D8: =#REF!-E8 -> #REF! | E8: =#REF! -> #REF! | I8: ='ADO ODO JUNIOR'!A27+'ADO ODO SENIOR'!A27+'ADO ODO COMBINED'!A26 -> 53
A9: 4 | B9: Ewekoro | D9: =EWEKORO!CM20-E9 -> 13111 | E9: =EWEKORO!CM19 -> 233 | I9: ='EWEKORO NEW'!B22 -> 14 | J9: ='EWEKORO NEW'!C22 -> 9 | K9: ='EWEKORO NEW'!D22 -> 5 | L9: ='EWEKORO NEW'!C22 -> 9 | M9: ='EWEKORO NEW'!D22 -> 5
A10: 5 | B10: Ifo | D10: =Ifo!#REF! -> #REF! | E10: NIL | I10: ='Ifo new'!A43 -> 31 | J10: ='Ifo new'!B43 -> #REF! | K10: ='Ifo new'!C43 -> #REF! | L10: ='Ifo new'!B43 -> #REF! | M10: ='Ifo new'!#REF! -> #REF!
A11: 6 | B11: Ijebu East | D11: ='Ijebu East'!CM25 -> 0 | E11: NIL | I11: ='Ijebu East New'!A29 -> 19 | J11: ='Ijebu East New'!B29 -> 0 | K11: ='Ijebu East New'!#REF! -> #REF! | L11: ='Ijebu East New'!B29 -> 0 | M11: ='Ijebu East New'!#REF! -> #REF!
A12: 7 | B12: Ijebu North East | D12: ='Ijebu North EAST'!CV20 -> 4175 | E12: NIL | I12: ='Ijebu North East New'!A20 -> 14 | J12: ='Ijebu North East New'!B20 -> 0 | K12: ='Ijebu North East New'!#REF! -> #REF! | L12: ='Ijebu North East New'!B20 -> 0 | M12: ='Ijebu North East New'!#REF! -> #REF!
A13: 8 | B13: Ijebu North | D13: ='Ijebu North'!CD44-E13 -> 16768 | E13: ='Ijebu North'!CD27 -> 106 | I13: ='Ijebu North New'!A49 -> 36 | J13: ='Ijebu North New'!B49 -> 0 | K13: ='Ijebu North New'!#REF! -> #REF! | L13: ='Ijebu North New'!B49 -> 0 | M13: ='Ijebu North New'!#REF! -> #REF!
A14: 9 | B14: Ijebu Ode | D14: ='Ijebu Ode'!CM33-E14 -> 25755 | E14: ='Ijebu Ode'!CM30 -> 489 | I14: ='Ijebu Ode New'!A34 -> 26 | J14: ='Ijebu Ode New'!B49 -> 0 | K14: ='Ijebu Ode New'!#REF! -> #REF! | L14: ='Ijebu Ode New'!B34 -> 0 | M14: ='Ijebu Ode New'!#REF! -> #REF!
A15: 10 | B15: Ikenne | D15: =Ikenne!CM24 -> 0 | E15: NIL | I15: ='Ikenne new'!B27 -> 18 | J15: ='Ikenne new'!C27 -> 0 | K15: ='Ikenne new'!#REF! -> #REF! | L15: ='Ikenne new'!C27 -> 0 | M15: ='Ikenne new'!#REF! -> #REF!
A16: 11 | B16: Imeko/Afon | D16: ='Imeko Afon'!CN55 -> 6371 | E16: NIL | I16: ='Imeko Afon NEW'!B35 -> 19 | J16: ='Imeko Afon NEW'!#REF! -> #REF! | K16: ='Imeko Afon NEW'!#REF! -> #REF! | L16: ='Imeko Afon NEW'!#REF! -> #REF! | M16: ='Imeko Afon NEW'!#REF! -> #REF!
A17: 12 | B17: Ipokia | D17: =IPOKIA!CM30 -> 17807 | E17: NIL | I17: ='Ipokia New'!A33 -> 24 | J17: ='Ipokia New'!B33 -> 0 | K17: ='Ipokia New'!#REF! -> #REF! | L17: ='Ipokia New'!B33 -> 0 | M17: ='Ipokia New'!#REF! -> #REF!
A18: 13 | B18: Obafemi Owode | D18: ='Obafemi Owode'!CX29 -> 0 | E18: NIL | I18: ='OBAFEMI NEW'!B33 -> 23 | J18: ='OBAFEMI NEW'!#REF! -> #REF! | K18: ='OBAFEMI NEW'!#REF! -> #REF! | L18: ='OBAFEMI NEW'!#REF! -> #REF! | M18: ='OBAFEMI NEW'!#REF! -> #REF!
A19: 14 | B19: Odeda | D19: =Odeda!CJ25 -> 0 | E19: NIL | I19: ='Odeda new'!B24 -> 18 | J19: ='Odeda new'!#REF! -> #REF! | K19: ='Odeda new'!#REF! -> #REF! | L19: ='Odeda new'!#REF! -> #REF! | M19: ='Odeda new'!#REF! -> #REF!
A20: 15 | B20: Odogbolu | D20: =ODOGBOLU!CM32 -> 8515 | E20: NIL | I20: ='ODOGBOLU NEW'!A38 -> 28 | J20: ='ODOGBOLU NEW'!B38 -> 0 | K20: ='ODOGBOLU NEW'!#REF! -> #REF! | L20: ='ODOGBOLU NEW'!B38 -> 0 | M20: ='ODOGBOLU NEW'!#REF! -> #REF!
A21: 16 | B21: Remo North | D21: ='Remo North'!CM16-E21 -> 3485 | E21: ='Remo North'!CM15 -> 28 | I21: ='Remo north new '!B17 -> 9 | J21: ='Remo north new '!#REF! -> #REF! | K21: ='Remo north new '!#REF! -> #REF! | L21: ='Remo north new '!#REF! -> #REF! | M21: ='Remo north new '!#REF! -> #REF!
A22: 17 | B22: Sagamu | D22: =Sagamu!CD35 -> 29003 | E22: NIL | I22: ='Sagamu New'!B38 -> 28 | J22: ='Sagamu New'!#REF! -> #REF! | K22: ='Sagamu New'!#REF! -> #REF! | L22: ='Sagamu New'!#REF! -> #REF! | M22: ='Sagamu New'!#REF! -> #REF!
A23: 18 | B23: Ogun Waterside | D23: ='OGUN WATERSIDE'!CN55 -> 6789 | E23: NIL | I23: ='OGUN WATERSIDE new'!A36 -> 20 | J23: ='OGUN WATERSIDE new'!B36 -> 0 | K23: ='OGUN WATERSIDE new'!#REF! -> #REF! | L23: ='OGUN WATERSIDE new'!B36 -> 0 | M23: ='OGUN WATERSIDE new'!#REF! -> #REF!
A24: 19 | B24: Yewa North | D24: ='YEWA NORTH'!CJ40-E24 -> 15782 | E24: ='YEWA NORTH'!CJ18 -> 437 | I24: ='YEWA NORTH NEW'!B48 -> 35 | J24: ='YEWA NORTH NEW'!#REF! -> #REF! | K24: ='YEWA NORTH NEW'!#REF! -> #REF! | L24: ='YEWA NORTH NEW'!#REF! -> #REF! | M24: ='YEWA NORTH NEW'!#REF! -> #REF!
A25: 20 | B25: Yewa South | D25: ='YEWA SOUTH'!CN51 -> 22911 | E25: NIL | I25: ='Yewa South new'!B41 -> 28 | J25: ='Yewa South new'!C41 -> 0 | K25: ='Yewa South new'!D41 -> 0 | L25: ='Yewa South new'!#REF! -> #REF! | M25: ='Yewa South new'!#REF! -> #REF!
B26: GRAND TOTAL | D26: =SUM(D6:D25) -> #REF! | E26: =SUM(E6:E25) -> #REF! | I26: =SUM(I6:I25) -> 510 | J26: =SUM(J6:J25) -> #REF! | K26: =SUM(K6:K25) -> #REF! | L26: =SUM(L6:L25) -> #REF! | M26: =SUM(M6:M25) -> #REF!
D29: =D26*150 -> #REF! | E29: =D13*150 -> 2515200
E30: =E26*1200 -> #REF!

Sheet ADO ODO JUNIOR
A1: MINISTRY OF EDUCATION, SCIENCE AND TECHNOLOGY, OKE MOSAN, ABEOKUTA,
A2: ZONAL EDUCATION OFFICE, ADO-ODO-OTA,
A3: SITUATION REPORT ON PUBLIC SECONDARY SCHOOLS.
A5: S/NO | B5: NAME OF SCHOOL
A7: 1 | B7: ADO-ODO HIGH SCHOOL (JUNIOR), ADO-ODO
A8: 2 | B8: AGBARA COMMUNITY JUNIOR HIGH SCHOOL, EDU
A9: 3 | B9: AJOGBO GRAMMAR SCHOOL (JUNIOR)
A10: 4 | B10: ALAMUWA GRAMMAR SCHOOL (JUNIOR) ADO ODO
A11: 5 | B11: ANGLICAN GRAMMAR SCHOOL (JUNIOR), OTA
A12: 6 | B12: ANSAR-UD-DEEN. COMPREHENSIVE COLLEGE (JUNIOR) OTA
A13: 7 | B13: ANSAR-UD-DEEN. COMPREHENSIVE HIGH SCHOOL (SENIOR) LAFENWA, OTA.
A14: 8 | B14: COMMUNITY HIGH SCHOOL JUNIOR, ALAPOTI
A15: 9 | B15: COMMUNITY HIGH SCHOOL JUNIOR, IROKO OTA.
A16: 10 | B16: IGANMODE GRAMMAR SCHOOL (JUNIOR) OTA
A17: 11 | B17: IGBESA HIGH SCHOOL(JUNIOR) IGBESA.
A18: 12 | B18: IJU EBIYE HIGH SCHOOL (SENIOR), IJU, OTA
... A24: 18 | B24: UNITY HIGH SCHOOL (JUNIOR) KAJOLA IBOORO
A27: =COUNTA(A7:A24) -> 18

Sheet ADO ODO SENIOR
A1: MINISTRY OF EDUCATION, SCIENCE AND TECHNOLOGY, OKE MOSAN, ABEOKUTA,
A2: ZONAL EDUCATION OFFICE, ADO-ODO-OTA,
A3: SITUATION REPORT ON PUBLIC SECONDARY SCHOOLS.
A5: S/NO | B5: NAME OF SCHOOL
A7: 1 | B7: ADO-ODO HIGH SCHOOL (SENIOR), ADO-ODO
A8: 2 | B8: AGBARA COMMUNITY SENIOR HIGH SCHOOL, EDU
A9: 3 | B9: AJOGBO GRAMMAR SCHOOL (SENIOR)
A10: 4 | B10: ALAMUWA GRAMMAR SCHOOL (SENIOR) ADO ODO
A11: 5 | B11: ANGLICAN GRAMMAR SCHOOL (SENIOR), OTA
A12: 6 | B12: ANSAR-UD-DEEN. COMPREHENSIVE COLLEGE (SENIOR) OTA
A13: 7 | B13: ANSAR-UD-DEEN. COMPREHENSIVE HIGH SCHOOL (SENIOR) LAFENWA, OTA.
A14: 8 | B14: COMMUNITY HIGH SCHOOL SENIOR, ALAPOTI
A15: 9 | B15: COMMUNITY HIGH SCHOOL SNR, IROKO OTA.
A16: 10 | B16: IGANMODE GRAMMAR SCHOOL (SENIOR) OTA
A17: 11 | B17: IGBESA HIGH SCHOOL(SENIOR) IGBESA.
A18: 12 | B18: IJU EBIYE HIGH SCHOOL (SENIOR), IJU, OTA
... A24: 18 | B24: UNITY HIGH SCHOOL (SENIOR) KAJOLA IBOORO
A27: =COUNTA(A7:A24) -> 18

Sheet ADO ODO COMBINED
A1: MINISTRY OF EDUCATION, SCIENCE AND TECHNOLOGY, OKE MOSAN, ABEOKUTA,
A2: ZONAL EDUCATION OFFICE, ADO-ODO-OTA,
A3: SITUATION REPORT ON PUBLIC SECONDARY SCHOOLS.
A5: S/NO | B5: NAME OF SCHOOL
A7: 1 | B7: ADIE OWE COMM HIGH SCHOOL
A8: 2 | B8: AFRICAN CHURCH COMM. H. SCHOOL
A9: 3 | B9: AGBARA GRAMMAR SCHOOL, AGBARA
A10: 4 | B10: ANSAR-UD DEEN COMPRE COLLEGE,ITELE
A11: 5 | B11: ARAROMI COMMUNITY HIGH SCHOOL, ORITA
A12: 6 | B12: COMMUNITY HIGH SCHOOL,IGBALA
A13: 7 | B13: EJILA AWORI COMMUNITY SECONDARY SCHOOL, OTA.
A14: 8 | B14: GOVERNMENT SCIENCE AND TECHNICAL COLLEGE, IGBESA.
A15: 9 | B15: ILOGBO ASOWO COMMUNITY HIGH SCH
A16: 10 | B16: IYESI-OTA HIGH SCHOOL,IYESI -OTA SITUATION REPORT ON PUBLIC SEC. SCHOOLS.
A17: 11 | B17: ST MICHAEL'S HIGH SCHOOL,OTA
A18: 12 | B18: TOYON HIGH SCHOOL, ERE
... A23: 17 | B23: YEMAA COMMUNITY SITUATION REPORT ON PUBLIC SEC. SCHOOLS.
A26: =COUNTA(A7:A23) -> 17

Sheet ABEOKUTA SOUTH NEW
B1: MINISTRY OF EDUCATION, SCIENCE AND TECHNOLOGY, OKE MOSAN, ABEOKUTA
B2: SECONDARY EDUCATION DEPARTMENT
C3: ABEOKUTA SOUTH
C4: JUNIOR SCHOOL
B5: S/N | C5: SCHOOL
B7: 1 | C7: ABEOKUTA GIRLS GRAMMAR SCHOOL, ONIKOLOBO
B8: 2 | C8: ABEOKUTA GRAMMAR SCHOOL, IDI ABA
B9: 3 | C9: ANGLICAN HIGH SCHOOL, QUARRY ROAD, IBARA
B10: 4 | C10: ASERO HIGH SCHOOL, ASERO
B11: 5 | C11: BAPTIST BOYS' HIGH, SAJE
B12: 6 | C12: BAPTIST GIRLS' COLLEGE SCHOOL, IDI ABA
B13: 7 | C13: CATHOLIC COMPREHENSIVVE HIGH SCHOOL, PANSEKE, IBARA
B14: 8 | C14: EGBA COMPREHENSIVE HIGH SCHOOL, ASERO
B15: 9 | C15: IGBORE HIGH SCHOOL, IGBORE
B16: 10 | C16: IJEMO-TITUN HIGH SCHOOL, HOUSING ESTATE, IBARA
B17: 11 | C17: LANTORO HIGH SCHOOL, LANTORO
B18: 12 | C18: LISABI GRAMMAR SCHOOL, IDI ABA
... B25: 19 | C25: SAINT LEO’S COLLEGE, ONIKOKO
C26: SENIOR SCHOOL
B27: 20 | C27: ABEOKUTA GIRLS GRAMMAR SCHOOL, ONIKOLOBO
B28: 21 | C28: ABEOKUTA GRAMMAR SCHOOL, IDI ABA
B29: 22 | C29: AGUNBIADE VICTORY HIGH SCHOOL, MAGBON
B30: 23 | C30: ANGLICAN HIGH SCHOOL, QUARRY ROAD, IBARA
B31: 24 | C31: ASERO HIGH SCHOOL, ASERO
B32: 25 | C32: BAPTIST BOYS' HIGH, SAJE
B33: 26 | C33: BAPTIST GIRLS' COLLEGE SCHOOL, IDI ABA
B34: 27 | C34: CATHOLIC COMPREHENSIVVE HIGH SCHOOL, PANSEKE, IBARA
B35: 28 | C35: EGBA COMPREHENSIVE HIGH SCHOOL, ASERO
B36: 29 | C36: GOVERNMENT SCIENCE AND TECHNICAL COLLEGE, IDI ABA
B37: 30 | C37: IGBORE HIGH SCHOOL, IGBORE
B38: 31 | C38: IJEMO-TITUN HIGH SCHOOL, HOUSING ESTATE, IBARA
... B47: 40 | C47: SAINT LEO’S COLLEGE, ONIKOKO
B49: =COUNTA(B7:B47) -> 40 | C49: =COUNTIF(#REF!, "<1001") -> #REF!

Sheet ABEOKUTA SOUTH

Sheet ABEOKUTA NORTH NEW
A1: MINISTRY OF EDUCATION, SCIENCE AND TECHNOLOGY
A2: DEPARTMENT OF SECONDARY
A3: ABEOKUTA NORTH
A5: S/N | B5: NAME OF SCHOOL
A7: JUNIOR SCHOOL
A8: 1 | B8: ARICAN CHURCH GRAMMAR SCHOOL (JNR), ITA- IYALODE
A9: 2 | B9: ARMYDAY SECONDARY SCHOOL, (JNR), ALAMALA
A10: 3 | B10: EBENEZER GRAMMAR SCHOOL, (JNR), IBEREKODO
A11: 4 | B11: GATEWAY SECONDARY SCHOOL, (JNR), ITA - EKO
A12: 5 | B12: ILUGUN HIGH SCHOOL (JNR), ELEGA
A13: 6 | B13: LAFENWA HIGH SCHOOL (JNR), LAFENWA
A14: 7 | B14: PREMIER GRAMMAR SCHOOL (JNR), LAFENWA
A15: 8 | B15: ST. PETER'S COLLEGE,(JNR) OLOMORE
A16: 9 | B16: UNITY HIGH SCHOOL,(JNR) AGO- IKA
B17: TOTAL
B18: SENIOR SCHOOL
A19: 10 | B19: ARICAN CHURCH GRAMMAR SCHOOL (SNR), ITA- IYALODE
A20: 11 | B20: ARMYDAY SECONDARY SCHOOL, (SNR), ALAMALA
A21: 12 | B21: EBENEZER GRAMMAR SCHOOL, (SNR), IBEREKODO
A22: 13 | B22: GATEWAY SECONDARY SCHOOL, (SNR), ITA - EKO
A23: 14 | B23: ILUGUN HIGH SCHOOL (SNR), ELEGA
A24: 15 | B24: LAFENWA HIGH SCHOOL (SNR), LAFENWA
A25: 16 | B25: PREMIER GRAMMAR SCHOOL (SNR), LAFENWA
A26: 17 | B26: ST. PETER'S COLLEGE,(SNR) OLOMORE
A27: 18 | B27: UNITY HIGH SCHOOL,(SNR) AGO- IKA
B28: TOTAL
B29: COMBINED SCHOOL
A30: 19 | B30: AJIBOYEDE COMPRHENSIVE HIGH SCHOOL, IBARA - ORILE
A31: 20 | B31: ANSAR-UD- DEEN GRAMMAR SCHOOL, ISAGA ORILE
A32: 21 | B32: IDI- EMI HIGH SCHOOL, IDI EMI
A33: 22 | B33: IKIJA HIGH SCHOOL, IKIJA
A34: 23 | B34: ILEWO COMMUNITY HIGH SCHOOL, ILEWO
A35: 24 | B35: IMALA COMMUNITY HIGH SCHOOL, IMALA
A36: 25 | B36: OKE- ONA GRAMMAR SCHOOL, OKE- ONA
A37: 26 | B37: OLORUNDA COMMUNITY HIGH SCHOOL, OLORUNDA
A38: 27 | B38: OLUMO HIGH SCHOOL, SABO
B42: =COUNTA(A8:A38) -> 27

Sheet ABEOKUTA NORTH
A1: MINISTRY OF EDUCATION SCIENCE AND TECHNOLOGY
A2: DEPARTMENT OF SECONDARY
A3: RUNNING COST ANALYSIS BY ZONES
A4: ABEOKUTA NORTH
A5: S/N | B5: NAME OF SCHOOLS ( IN FULL AND UPPER CASE) | G5: L.G/LCDA | J5: WARD | L5: J S S 1 | T5: J S S 2 | AC5: J S S 3 | AK5: SUB TOTAL J S S 1 - J S S 3 | AV5: S S S 1 | BB5: S S S 2 | BK5: S S S 3 | BT5: SUB TOTAL S S S 1 - S S S 3 | CP5: NUMBER OF TEACHERS
L6: ARM | N6: M | P6: F | R6: T | T6: ARM | V6: M | Y6: F | AA6: T | AC6: ARM | AE6: M | AG6: F | AI6: T | AK6: ARM | AM6: M | AO6: F | AS6: T | AV6: ARM | AW6: M | AY6: F | BA6: T | BB6: ARM | BD6: M | BF6: F | BI6: T | BK6: ARM | BM6: M | BQ6: F | BR6: T | BT6: ARM | BV6: M | BY6: F | CA6: T | CD6: ARM | CG6: M | CJ6: F | CM6: TOTAL | CP6: M | CS6: F | CV6: T | CX6: RUNNING COST @ ₦30,000 FOR LEARNERS < 1000 PER MONTH FOR 3 MONTHS & @ ₦50,000 FOR LEARNERS > 1000 PER MONTH FOR 3 MONTHS
A7: 1 | B7: AFRICAN CHURCH GRAMMAR SCHOOL(JUNIOR), ITA-IYALODE | G7: ABEOKUTA NORTH | J7: 11 | L7: 18 | N7: 561 | P7: 564 | R7: 1125 | T7: 18 | V7: 544 | Y7: 510 | AA7: 1054 | AC7: 18 | AE7: 521 | AG7: 480 | AI7: 1001 | AK7: 54 | AM7: 1626 | AO7: 1554 | AS7: 3180 | AV7: 0 | AW7: 0 | AY7: 0 | BA7: 0 | BB7: 0 | BD7: 0 | BF7: 0 | BI7: 0 | BK7: 0 | BM7: 0 | BQ7: 0 | BR7: 0 | BT7: 0 | BV7: 0 | BY7: 0 | CA7: 0 | CD7: 54 | CG7: 1626 | CJ7: 1554 | CM7: 3180 | CP7: 22 | CS7: 58 | CV7: 80 | CX7: =IF(CM7<1001,30000 * 3,50000*3) -> 150000
A8: 2 | B8: ARMY DAY SECONDARY SCHOOL(JUNIOR), ALAMALA | G8: ABEOKUTA NORTH OKE OGUN | J8: 15 | L8: 5 | N8: 183 | P8: 178 | R8: 361 | T8: 5 | V8: 189 | Y8: 167 | AA8: 356 | AC8: 2 | AE8: 89 | AG8: 72 | AI8: 161 | AK8: 12 | AM8: 461 | AO8: 417 | AS8: 878 | AV8: 0 | AW8: 0 | AY8: 0 | BA8: 0 | BB8: 0 | BD8: 0 | BF8: 0 | BI8: 0 | BK8: 0 | BM8: 0 | BQ8: 0 | BR8: 0 | BT8: 0 | BV8: 0 | BY8: 0 | CA8: 0 | CD8: 12 | CG8: 461 | CJ8: 417 | CM8: 878 | CP8: 9 | CS8: 20 | CV8: 29 | CX8: =IF(CM8<1001,30000 * 3,50000*3) -> 90000
A9: 3 | B9: EBENEZER GRAMMAR SCHOOL(JUNIOR), IBEREKODO | G9: ABEOKUTA NORTH | J9: 4 | L9: 5 | N9: 180 | P9: 191 | R9: 371 | T9: 6 | V9: 180 | Y9: 204 | AA9: 384 | AC9: 6 | AE9: 168 | AG9: 176 | AI9: 344 | AK9: 17 | AM9: 528 | AO9: 571 | AS9: 1099 | AV9: 0 | AW9: 0 | AY9: 0 | BA9: 0 | BB9: 0 | BD9: 0 | BF9: 0 | BI9: 0 | BK9: 0 | BM9: 0 | BQ9: 0 | BR9: 0 | BT9: 0 | BV9: 0 | BY9: 0 | CA9: 0 | CD9: 17 | CG9: 528 | CJ9: 571 | CM9: 1099 | CP9: 16 | CS9: 25 | CV9: 41 | CX9: =IF(CM9<1001,30000 * 3,50000*3) -> 150000
A10: 4 | B10: GATEWAY SECONDARY SCHOOL(JUNIOR), ITA- IYALODE | G10: ABEOKUTA NORTH EAST | J10: 11 | L10: 10 | N10: 202 | P10: 186 | R10: 388 | T10: 10 | V10: 169 | Y10: 184 | AA10: 353 | AC10: 10 | AE10: 175 | AG10: 154 | AI10: 329 | AK10: 30 | AM10: 546 | AO10: 524 | AS10: 1070 | AV10: 0 | AW10: 0 | AY10: 0 | BA10: 0 | BB10: 0 | BD10: 0 | BF10: 0 | BI10: 0 | BK10: 0 | BM10: 0 | BQ10: 0 | BR10: 0 | BT10: 0 | BV10: 0 | BY10: 0 | CA10: 0 | CD10: 30 | CG10: 546 | CJ10: 524 | CM10: 1070 | CP10: 14 | CS10: 35 | CV10: 49 | CX10: =IF(CM10<1001,30000 * 3,50000*3) -> 150000
A11: 5 | B11: ILUGUN HIGH SCHOOL(JUNIOR), ELEGA | G11: ABEOKUTA NORTH | J11: 4 | L11: 10 | N11: 353 | P11: 346 | R11: 699 | T11: 8 | V11: 217 | Y11: 267 | AA11: 484 | AC11: 8 | AE11: 127 | AG11: 207 | AI11: 334 | AK11: 26 | AM11: 697 | AO11: 820 | AS11: 1517 | AV11: 0 | AW11: 0 | AY11: 0 | BA11: 0 | BB11: 0 | BD11: 0 | BF11: 0 | BI11: 0 | BK11: 0 | BM11: 0 | BQ11: 0 | BR11: 0 | BT11: 0 | BV11: 0 | BY11: 0 | CA11: 0 | CD11: 26 | CG11: 697 | CJ11: 820 | CM11: 1517 | CP11: 12 | CS11: 30 | CV11: 42 | CX11: =IF(CM11<1001,30000 * 3,50000*3) -> 150000
A12: 6 | B12: LAFENWA HIGH SCHOOL(JUNIOR), LAFENWA | G12: ABEOKUTA NORTH EAST | J12: 9 | L12: 12 | N12: 359 | P12: 322 | R12: 681 | T12: 10 | V12: 236 | Y12: 267 | AA12: 503 | AC12: 8 | AE12: 191 | AG12: 185 | AI12: 376 | AK12: 30 | AM12: 786 | AO12: 774 | AS12: 1560 | AV12: 0 | AW12: 0 | AY12: 0 | BA12: 0 | BB12: 0 | BD12: 0 | BF12: 0 | BI12: 0 | BK12: 0 | BM12: 0 | BQ12: 0 | BR12: 0 | BT12: 0 | BV12: 0 | BY12: 0 | CA12: 0 | CD12: 30 | CG12: 786 | CJ12: 774 | CM12: 1560 | CP12: 8 | CS12: 42 | CV12: 50 | CX12: =IF(CM12<1001,30000 * 3,50000*3) -> 150000
A13: 7 | B13: PREMIER GRAMMAR SCHOOL(JUNIOR), LAFENWA | G13: ABEOKUTA NORTH WEST | J13: 9 | L13: 12 | N13: 356 | P13: 307 | R13: 663 | T13: 10 | V13: 260 | Y13: 233 | AA13: 493 | AC13: 10 | AE13: 263 | AG13: 245 | AI13: 508 | AK13: 32 | AM13: 879 | AO13: 785 | AS13: 1664 | AV13: 0 | AW13: 0 | AY13: 0 | BA13: 0 | BB13: 0 | BD13: 0 | BF13: 0 | BI13: 0 | BK13: 0 | BM13: 0 | BQ13: 0 | BR13: 0 | BT13: 0 | BV13: 0 | BY13: 0 | CA13: 0 | CD13: 32 | CG13: 879 | CJ13: 785 | CM13: 1664 | CP13: 15 | CS13: 36 | CV13: 51 | CX13: =IF(CM13<1001,30000 * 3,50000*3) -> 150000
A14: 8 | B14: ST' PETER'S COLLEGE(JUNIOR), OLOMORE | G14: ABEOKUTA NORTH | J14: 12 | L14: 6 | N14: 205 | P14: 235 | R14: 440 | T14: 7 | V14: 176 | Y14: 202 | AA14: 378 | AC14: 6 | AE14: 160 | AG14: 201 | AI14: 361 | AK14: 19 | AM14: 541 | AO14: 638 | AS14: 1179 | AV14: 0 | AW14: 0 | AY14: 0 | BA14: 0 | BB14: 0 | BD14: 0 | BF14: 0 | BI14: 0 | BK14: 0 | BM14: 0 | BQ14: 0 | BR14: 0 | BT14: 0 | BV14: 0 | BY14: 0 | CA14: 0 | CD14: 19 | CG14: 541 | CJ14: 638 | CM14: 1179 | CP14: 17 | CS14: 44 | CV14: 61 | CX14: =IF(CM14<1001,30000 * 3,50000*3) -> 150000
A15: 9 | B15: UNITY HIGH SCHOOL(JUNIOR), AGO-IKA | G15: ABEOKUTA NORTH | J15: 9 | L15: 10 | N15: 278 | P15: 222 | R15: 500 | T15: 10 | V15: 217 | Y15: 241 | AA15: 458 | AC15: 10 | AE15: 187 | AG15: 192 | AI15: 379 | AK15: 30 | AM15: 682 | AO15: 655 | AS15: 1337 | AV15: 0 | AW15: 0 | AY15: 0 | BA15: 0 | BB15: 0 | BD15: 0 | BF15: 0 | BI15: 0 | BK15: 0 | BM15: 0 | BQ15: 0 | BR15: 0 | BT15: 0 | BV15: 0 | BY15: 0 | CA15: 0 | CD15: 30 | CG15: 682 | CJ15: 655 | CM15: 1337 | CP15: 7 | CS15: 34 | CV15: 41 | CX15: =IF(CM15<1001,30000 * 3,50000*3) -> 150000
A16: 10 | B16: AFRICAN CHURCH GRAMMAR SCHOOL(SENIOR), ITA-IYALODE | G16: ABEOKUTA NORTH | J16: 11 | L16: 0 | N16: 0 | P16: 0 | R16: 0 | T16: 0 | V16: 0 | Y16: 0 | AA16: 0 | AC16: 0 | AE16: 0 | AG16: 0 | AI16: 0 | AK16: 0 | AM16: 0 | AO16: 0 | AS16: 0 | AV16: 18 | AW16: 585 | AY16: 515 | BA16: 1100 | BB16: 18 | BD16: 444 | BF16: 409 | BI16: 853 | BK16: 12 | BM16: 278 | BQ16: 302 | BR16: 580 | BT16: 48 | BV16: 1307 | BY16: 1226 | CA16: 2533 | CD16: 48 | CG16: 1307 | CJ16: 1226 | CM16: 2533 | CP16: 26 | CS16: 25 | CV16: 51 | CX16: =IF(CM16<1001,30000 * 3,50000*3) -> 150000
A17: 11 | B17: ARMY DAY SECONDARY SCHOOL(SENIOR), ALAMALA | G17: ABEOKUTA NORTH OKE OGUN | J17: 15 | L17: 0 | N17: 0 | P17: 0 | R17: 0 | T17: 0 | V17: 0 | Y17: 0 | AA17: 0 | AC17: 0 | AE17: 0 | AG17: 0 | AI17: 0 | AK17: 0 | AM17: 0 | AO17: 0 | AS17: 0 | AV17: 4 | AW17: 94 | AY17: 93 | BA17: 187 | BB17: 3 | BD17: 62 | BF17: 56 | BI17: 118 | BK17: 3 | BM17: 59 | BQ17: 72 | BR17: 131 | BT17: 10 | BV17: 215 | BY17: 221 | CA17: 436 | CD17: 10 | CG17: 215 | CJ17: 221 | CM17: 436 | CP17: 9 | CS17: 15 | CV17: 24 | CX17: =IF(CM17<1001,30000 * 3,50000*3) -> 90000
A18: 12 | B18: EBENEZER GRAMMAR SCHOOL(SENIOR), IBEREKODO | G18: ABEOKUTA NORTH | J18: 4 | L18: 0 | N18: 0 | P18: 0 | R18: 0 | T18: 0 | V18: 0 | Y18: 0 | AA18: 0 | AC18: 0 | AE18: 0 | AG18: 0 | AI18: 0 | AK18: 0 | AM18: 0 | AO18: 0 | AS18: 0 | AV18: 5 | AW18: 164 | AY18: 225 | BA18: 389 | BB18: 5 | BD18: 142 | BF18: 203 | BI18: 345 | BK18: 3 | BM18: 104 | BQ18: 122 | BR18: 226 | BT18: 13 | BV18: 410 | BY18: 550 | CA18: 960 | CD18: 13 | CG18: 410 | CJ18: 550 | CM18: 960 | CP18: 12 | CS18: 19 | CV18: 31 | CX18: =IF(CM18<1001,30000 * 3,50000*3) -> 90000
... A23: 17 | B23: ST' PETER'S COLLEGE(SENIOR), OLOMORE | G23: ABEOKUTA NORTH | J23: 12 | L23: 0 | N23: 0 | P23: 0 | R23: 0 | T23: 0 | V23: 0 | Y23: 0 | AA23: 0 | AC23: 0 | AE23: 0 | AG23: 0 | AI23: 0 | AK23: 0 | AM23: 0 | AO23: 0 | AS23: 0 | AV23: 6 | AW23: 190 | AY23: 210 | BA23: 400 | BB23: 7 | BD23: 169 | BF23: 210 | BI23: 379 | BK23: 6 | BM23: 94 | BQ23: 104 | BR23: 198 | BT23: 19 | BV23: 453 | BY23: 524 | CA23: 977 | CD23: 19 | CG23: 453 | CJ23: 524 | CM23: 977 | CP23: 20 | CS23: 29 | CV23: 49 | CX23: =IF(CM23<1001,30000 * 3,50000*3) -> 90000
A24: 18 | B24: UNITY HIGH SCHOOL(SENIOR), AGO-IKA | G24: ABEOKUTA NORTH | J24: 9 | L24: 0 | N24: 0 | P24: 0 | R24: 0 | T24: 0 | V24: 0 | Y24: 0 | AA24: 0 | AC24: 0 | AE24: 0 | AG24: 0 | AI24: 0 | AK24: 0 | AM24: 0 | AO24: 0 | AS24: 0 | AV24: 11 | AW24: 228 | AY24: 202 | BA24: 430 | BB24: 9 | BD24: 134 | BF24: 150 | BI24: 284 | BK24: 3 | BM24: 29 | BQ24: 49 | BR24: 78 | BT24: 23 | BV24: 391 | BY24: 401 | CA24: 792 | CD24: 23 | CG24: 391 | CJ24: 401 | CM24: 792 | CP24: 15 | CS24: 20 | CV24: 35 | CX24: =IF(CM24<1001,30000 * 3,50000*3) -> 90000 | DA24: =C37=COUNTIF(B7:F32,"GOVERNMENT SCIENCE") -> TRUE
A25: 19 | B25: ANSAR-U-DEEN GRAMMAR SCHOOL, ISHAGA | G25: ABEOKUTA NORTH OKE OGUN | J25: 15 | L25: 2 | N25: 26 | P25: 22 | R25: 48 | T25: 2 | V25: 24 | Y25: 27 | AA25: 51 | AC25: 2 | AE25: 19 | AG25: 19 | AI25: 38 | AK25: 6 | AM25: 69 | AO25: 68 | AS25: 137 | AV25: 1 | AW25: 21 | AY25: 22 | BA25: 43 | BB25: 1 | BD25: 18 | BF25: 13 | BI25: 31 | BK25: 1 | BM25: 13 | BQ25: 13 | BR25: 26 | BT25: 3 | BV25: 52 | BY25: 48 | CA25: 100 | CD25: 9 | CG25: 121 | CJ25: 116 | CM25: 237 | CP25: 15 | CS25: 10 | CV25: 25 | CX25: =IF(CM25<1001,30000 * 3,50000*3) -> 90000
A26: 20 | B26: ILEWO HIGH SCHOOL, ILEWO-ORILE | G26: ABEOKUTA NORTH OKE OGUN | J26: 16 | L26: 1 | N26: 18 | P26: 15 | R26: 33 | T26: 1 | V26: 18 | Y26: 22 | AA26: 40 | AC26: 1 | AE26: 24 | AG26: 12 | AI26: 36 | AK26: 3 | AM26: 60 | AO26: 49 | AS26: 109 | AV26: 1 | AW26: 17 | AY26: 13 | BA26: 30 | BB26: 1 | BD26: 18 | BF26: 14 | BI26: 32 | BK26: 1 | BM26: 17 | BQ26: 8 | BR26: 25 | BT26: 3 | BV26: 52 | BY26: 35 | CA26: 87 | CD26: 6 | CG26: 112 | CJ26: 84 | CM26: 196 | CP26: 8 | CS26: 7 | CV26: 15 | CX26: =IF(CM26<1001,30000 * 3,50000*3) -> 90000
A27: 21 | B27: IDI-EMI HIGH SCHOOL, IDI-EMI | G27: ABEOKUTA NORTH OKE OGUN | J27: 10 | L27: 1 | N27: 35 | P27: 22 | R27: 57 | T27: 2 | V27: 46 | Y27: 19 | AA27: 65 | AC27: 2 | AE27: 36 | AG27: 25 | AI27: 61 | AK27: 5 | AM27: 117 | AO27: 66 | AS27: 183 | AV27: 2 | AW27: 26 | AY27: 16 | BA27: 42 | BB27: 1 | BD27: 24 | BF27: 10 | BI27: 34 | BK27: 1 | BM27: 24 | BQ27: 7 | BR27: 31 | BT27: 4 | BV27: 74 | BY27: 33 | CA27: 107 | CD27: 9 | CG27: 191 | CJ27: 99 | CM27: 290 | CP27: 6 | CS27: 2 | CV27: 8 | CX27: =IF(CM27<1001,30000 * 3,50000*3) -> 90000
A28: 22 | B28: IKIJA HIGH SCHOOL, IBEREKODO | G28: ABEOKUTA NORTH | J28: 2 | L28: 4 | N28: 69 | P28: 69 | R28: 138 | T28: 4 | V28: 118 | Y28: 112 | AA28: 230 | AC28: 4 | AE28: 63 | AG28: 88 | AI28: 151 | AK28: 12 | AM28: 250 | AO28: 269 | AS28: 519 | AV28: 3 | AW28: 100 | AY28: 82 | BA28: 182 | BB28: 3 | BD28: 55 | BF28: 66 | BI28: 121 | BK28: 3 | BM28: 21 | BQ28: 30 | BR28: 51 | BT28: 9 | BV28: 176 | BY28: 178 | CA28: 354 | CD28: 21 | CG28: 426 | CJ28: 447 | CM28: 873 | CP28: 19 | CS28: 23 | CV28: 42 | CX28: =IF(CM28<1001,30000 * 3,50000*3) -> 90000
A29: 23 | B29: IMALA COMMUNITY HUGH SCHOOL, IMALA | G29: ABEOKUTA NORTH | J29: 14 | L29: 2 | N29: 47 | P29: 29 | R29: 76 | T29: 2 | V29: 43 | Y29: 28 | AA29: 71 | AC29: 1 | AE29: 15 | AG29: 13 | AI29: 28 | AK29: 5 | AM29: 105 | AO29: 70 | AS29: 175 | AV29: 1 | AW29: 18 | AY29: 19 | BA29: 37 | BB29: 2 | BD29: 29 | BF29: 19 | BI29: 48 | BK29: 1 | BM29: 20 | BQ29: 14 | BR29: 34 | BT29: 4 | BV29: 67 | BY29: 52 | CA29: 119 | CD29: 9 | CG29: 172 | CJ29: 122 | CM29: 294 | CP29: 6 | CS29: 6 | CV29: 12 | CX29: =IF(CM29<1001,30000 * 3,50000*3) -> 90000
A30: 24 | B30: OKE-ONA GRAMMAR SCHOOL, AKOMOJE | G30: ABEOKUTA NORTH | J30: 5 | L30: 3 | N30: 106 | P30: 91 | R30: 197 | T30: 3 | V30: 76 | Y30: 87 | AA30: 163 | AC30: 3 | AE30: 58 | AG30: 59 | AI30: 117 | AK30: 9 | AM30: 240 | AO30: 237 | AS30: 477 | AV30: 2 | AW30: 59 | AY30: 58 | BA30: 117 | BB30: 2 | BD30: 28 | BF30: 25 | BI30: 53 | BK30: 2 | BM30: 26 | BQ30: 30 | BR30: 56 | BT30: 6 | BV30: 113 | BY30: 113 | CA30: 226 | CD30: 15 | CG30: 353 | CJ30: 350 | CM30: 703 | CP30: 21 | CS30: 11 | CV30: 32 | CX30: =IF(CM30<1001,30000 * 3,50000*3) -> 90000
A31: 25 | B31: OLORUNDA COMMUNITY HIGH SCHOOL, OLORUNDA | G31: ABEOKUTA NORTH OKE OGUN | J31: 13 | L31: 2 | N31: 42 | P31: 38 | R31: 80 | T31: 2 | V31: 51 | Y31: 37 | AA31: 88 | AC31: 2 | AE31: 22 | AG31: 24 | AI31: 46 | AK31: 6 | AM31: 115 | AO31: 99 | AS31: 214 | AV31: 2 | AW31: 22 | AY31: 27 | BA31: 49 | BB31: 2 | BD31: 21 | BF31: 14 | BI31: 35 | BK31: 1 | BM31: 12 | BQ31: 15 | BR31: 27 | BT31: 5 | BV31: 55 | BY31: 56 | CA31: 111 | CD31: 11 | CG31: 170 | CJ31: 155 | CM31: 325 | CP31: 11 | CS31: 11 | CV31: 22 | CX31: =IF(CM31<1001,30000 * 3,50000*3) -> 90000
A32: 26 | B32: OLUMO HIGH SCHOOL, SABO, ABEOKUTA | G32: ABEOKUTA NORTH | J32: 11 | L32: 7 | N32: 219 | P32: 134 | R32: 353 | T32: 6 | V32: 171 | Y32: 186 | AA32: 357 | AC32: 6 | AE32: 159 | AG32: 160 | AI32: 319 | AK32: 19 | AM32: 549 | AO32: 480 | AS32: 1029 | AV32: 5 | AW32: 118 | AY32: 124 | BA32: 242 | BB32: 4 | BD32: 95 | BF32: 131 | BI32: 226 | BK32: 4 | BM32: 55 | BQ32: 78 | BR32: 133 | BT32: 13 | BV32: 268 | BY32: 333 | CA32: 601 | CD32: 32 | CG32: 817 | CJ32: 813 | CM32: 1630 | CP32: 17 | CS32: 28 | CV32: 45 | CX32: =IF(CM32<1001,30000 * 3,50000*3) -> 150000
B33: TOTAL | CG33: =SUM(CG7:CI32) -> 13711 | CJ33: =SUM(CJ7:CL32) -> 13990 | CM33: =SUM(CM7:CO32) -> 27701 | CX33: =SUM(CX7:CX32) -> 3000000
F34: AMOUNT DUE FOR ZEO @ ₦20 per learner = | CX34: =CM33*20 -> 554020 | DE34: =CP33*20 -> 0
F35: TOTAL RUNNING COST REQUIRED FOR ABEOKUTA NORTH | CX35: =CX33+CX34 -> 3554020 | DE35: =DE33+DE34 -> 0
F36: NO OF SCHOOLS WITH LEARNERS < 1000 | CG36: ='ABEOKUTA SOUTH NEW'!C49 -> #REF! | CH36: =COUNTIF(CL6:CM32, ">1000") -> 11 | CI36: =COUNTIF(CN6:CO53, "<1000") -> 0
B37: =COUNTA(B7:F32)-COUNTIF(B7:F32,"GOVERNMENT SCIENCE") -> 26 | C37: =COUNTIF(B7:F32,"GOVERNMENT SCIENCE") -> 0

Sheet Yewa South new
A1: MINISTRY OF EDUCATION SCIENCE AND TECHNOLOGY
A2: DEPARTMENT OF SECONDARY RUNNING COST ANALYSIS BY ZONES
A3: YEWA SOUTH
A4: S/N | B4: NAME OF SCHOOL | C4: NAME OF PRINCIPAL | D4: PRINCIPAL'S PHONE NUMBER
B5: JUNIOR SCHOOLS
A6: 1 | B6: ARMY DAY JUNIOR SEC. SCH,. OWODE | C6: MR OMOLE ,K | D6: 08060534444
A7: 2 | B7: AREA COMM. HIGH SCH., JNR, OWODE | C7: MR OLALEYE | D7: 08066635448
A8: 3 | B8: OWODE SEC. SCHOOL JNR., OWODE | C8: MR TELLA K.H | D8: 08029595745
A9: 4 | B9: IYEWA HIGH SCHOOL JNR. AJILETE | C9: Ag. MR RAJI AKEEM O, | D9: 08025926348
A10: 5 | B10: MUSLIM PROG. HIGH SCH., OKE-ODAN | C10: Ag. MR ALEGBELEYE | D10: 07083038065
A11: 6 | B11: EMMANUEL COMM. HIGH SCH., ILARO | C11: MR MASONWO | D11: 08038579250
A12: 7 | B12: ORONNA HIGH SCHOOL, JNR, ILARO | C12: MRS OKOYE | D12: 08036654227
A13: 8 | B13: ANGLICAN GRAMM, SCH. ILARO | C13: MR AKINYEMI ,F | D13: 08036083145
A14: 9 | B14: ITOLU COMM. H/S JUNIOR, ILARO | C14: MRS OKPARAVERO .A | D14: 08039746389
A15: 10 | B15: YEWA COLLEGE JUNIOR, ILARO | C15: MRS ADENIJOR | D15: 08034346428
A16: 11 | B16: IWOYE AREA COMM. H/S, IWOYE. | C16: MR ADELOYE J.A | D16: 08060972552
B17: TOTAL
B18: SENIOR SCHOOLS
A19: 12 | B19: ARMY DAY SENIOR SEC. SCH,. OWODE | C19: ALH.ADESAKIN | D19: 07030200205
A20: 13 | B20: AREA COMM. HIGH SCH., SNR, OWODE | C20: MR AKINOLA | D20: 08038060719
A21: 14 | B21: OWODE SEC. SCHOOL SNR., OWODE | C21: MISS BABARINSA | D21: 08036832601
A22: 15 | B22: IYEWA HIGH SCHOOL SNR. AJILETE | C22: MR OYEGOKE JULIUS. O | D22: 07031378421
A23: 16 | B23: MUSLIM PROG. HIGH SCH., OKE-ODAN | C23: MR SALAMI, A.A | D23: 08065305695
A24: 17 | B24: EMMANUEL COMM. HIGH SCH., ILARO | C24: MR OLUMOMI | D24: 08108871828
A25: 18 | B25: ORONNA HIGH SCHOOL, SNR, ILARO | C25: MR ADENIJO | D25: 08033681855
A26: 19 | B26: ANGLICAN GRAMM, SCH. ILARO | C26: MRS.BOLANLE A.O | D26: 08030691023
A27: 20 | B27: ITOLU COMM. H/S SENIOR, ILARO | C27: MR SALAMI ,A.T | D27: 08034734111
A28: 21 | B28: YEWA COLLEGE SENIOR, ILARO | C28: MR ELEGBEDE A | D28: 08035756506
A29: 22 | B29: IWOYE AREA COMM. H/S, IWOYE. | C29: Ag. MR ADEYEMO B. K | D29: 08038162463
B30: TOTAL
B31: COMBINED SCHOOLS
A32: 23 | B32: AREA COMM. HIGH SCH., OLOKUTA | C32: MRS SALAMI | D32: 08025314961
A33: 24 | B33: BAPTIST HIGH SCHOOL,ILARO | C33: MRS ADELEYE | D33: 08035030518
A34: 25 | B34: ILOBI/ERINJA COMM.HIGH SCH ILOBI | C34: MR ADAMS | D34: 08106459502
A35: 26 | B35: IDOGO/IPAJA COMM.HIGH SCH,IDGO | C35: MR OLADUNJOYE, I. A | D35: 08039059319
A36: 27 | B36: OKE - ODAN GRAM. SCH,OKE-ODAN | C36: MR RUNSEWE. S.O | D36: 08023974201
A37: 28 | B37: OWO COMMUNITY HIGH SCH.OWO | C37: Ag NR ABORODE | D37: 08036812859
B38: TOTAL
B41: =COUNTA(A6:A37) -> 28

Sheet YEWA SOUTH
A1: MINISTRY OF EDUCATION SCIENCE AND TECHNOLOGY
A2: DEPARTMENT OF SECONDARY RUNNING COST ANALYSIS BY ZONES
A3: RUNNING COST ANALYSIS
A4: YEWA SOUTH
A5: S/N | B5: NAME OF SCHOOLS ( IN FULL AND UPPER CASE) | F5: L.G/LCDA | I5: WARD | K5: J S S 1 | S5: J S S 2 | AC5: J S S 3 | AK5: SUB TOTAL J S S 1 - J S S 3 | AV5: S S S 1 | BC5: S S S 2 | BM5: S S S 3 | BU5: SUB TOTAL S S S 1 - S S S 3 | CP5: NUMBER OF TEACHERS | CW5: STATUS
K6: ARM | M6: M | O6: F | Q6: T | S6: ARM | U6: M | X6: F | AA6: T | AC6: ARM | AE6: M | AG6: F | AI6: T | AK6: ARM | AM6: M | AO6: F | AS6: T | AV6: ARM | AX6: M | AZ6: F | BA6: T | BC6: ARM | BD6: M | BG6: F | BI6: T | BM6: ARM | BO6: M | BR6: F | BT6: T | BU6: ARM | BX6: M | BZ6: F | CB6: T | CE6: ARM | CH6: M | CK6: F | CN6: T | CP6: M | CS6: F | CU6: T | DA6: RUNNING COST @ ₦30,000 FOR LEARNERS < 1000 PER MONTH FOR 3 MONTHS & @ ₦50,000 FOR LEARNERS > 1000 PER MONTH FOR 3 MONTHS
A7: 1 | B7: Anglican Grammer School(Jr), Ilaro | F7: Ilaro | I7: Ilaro 1 | K7: 4 | M7: 188 | O7: 184 | Q7: 372 | S7: 4 | U7: 181 | X7: 161 | AA7: 342 | AC7: 3 | AE7: 130 | AG7: 144 | AI7: 274 | AK7: 11 | AM7: 499 | AO7: 489 | AS7: 988 | AV7: 0 | AX7: 0 | AZ7: 0 | BA7: 0 | BC7: 0 | BD7: 0 | BG7: 0 | BI7: 0 | BM7: 0 | BO7: 0 | BR7: 0 | BT7: 0 | BU7: 0 | BX7: 0 | BZ7: 0 | CB7: 0 | CE7: 11 | CH7: 499 | CK7: 489 | CN7: 988 | CP7: 5 | CS7: 16 | CU7: 21 | CW7: SUCCESS | DA7: =IF(CN7<1001,30000 * 3,50000*3) -> 90000
A8: 2 | B8: Area Community High School (Jr), Owode | F8: Ifekowaju | I8: Owode 1 | K8: 8 | M8: 387 | O8: 408 | Q8: 795 | S8: 8 | U8: 407 | X8: 398 | AA8: 805 | AC8: 7 | AE8: 420 | AG8: 432 | AI8: 852 | AK8: 23 | AM8: 1214 | AO8: 1238 | AS8: 2452 | AV8: 0 | AX8: 0 | AZ8: 0 | BA8: 0 | BC8: 0 | BD8: 0 | BG8: 0 | BI8: 0 | BM8: 0 | BO8: 0 | BR8: 0 | BT8: 0 | BU8: 0 | BX8: 0 | BZ8: 0 | CB8: 0 | CE8: 23 | CH8: 1214 | CK8: 1238 | CN8: 2452 | CP8: 13 | CS8: 17 | CU8: 30 | CW8: SUCCESS | DA8: =IF(CN8<1001,30000 * 3,50000*3) -> 150000
A9: 3 | B9: Army Day Secondary School (Jr), Owode | F9: Ifekowaju | I9: Owode2 | K9: 4 | M9: 279 | O9: 238 | Q9: 517 | S9: 6 | U9: 316 | X9: 387 | AA9: 703 | AC9: 4 | AE9: 257 | AG9: 249 | AI9: 506 | AK9: 14 | AM9: 852 | AO9: 874 | AS9: 1726 | AV9: 0 | AX9: 0 | AZ9: 0 | BA9: 0 | BC9: 0 | BD9: 0 | BG9: 0 | BI9: 0 | BM9: 0 | BO9: 0 | BR9: 0 | BT9: 0 | BU9: 0 | BX9: 0 | BZ9: 0 | CB9: 0 | CE9: 14 | CH9: 852 | CK9: 874 | CN9: 1726 | CP9: 13 | CS9: 15 | CU9: 28 | CW9: SUCCESS | DA9: =IF(CN9<1001,30000 * 3,50000*3) -> 150000
A10: 4 | B10: Emmanuel Commercial High School(Jr), Ilaro | F10: Ilaro | I10: Ilaro 3 | K10: 2 | M10: 57 | O10: 37 | Q10: 94 | S10: 2 | U10: 42 | X10: 42 | AA10: 84 | AC10: 2 | AE10: 42 | AG10: 38 | AI10: 80 | AK10: 6 | AM10: 141 | AO10: 117 | AS10: 258 | AV10: 0 | AX10: 0 | AZ10: 0 | BA10: 0 | BC10: 0 | BD10: 0 | BG10: 0 | BI10: 0 | BM10: 0 | BO10: 0 | BR10: 0 | BT10: 0 | BU10: 0 | BX10: 0 | BZ10: 0 | CB10: 0 | CE10: 6 | CH10: 141 | CK10: 117 | CN10: 258 | CP10: 3 | CS10: 10 | CU10: 13 | CW10: SUCCESS | DA10: =IF(CN10<1001,30000 * 3,50000*3) -> 90000
A11: 5 | B11: Itolu Community High School(Jr), Ilaro | F11: Ilaro | I11: Ilaro 3 | K11: 6 | M11: 277 | O11: 289 | Q11: 566 | S11: 6 | U11: 293 | X11: 298 | AA11: 591 | AC11: 6 | AE11: 209 | AG11: 196 | AI11: 405 | AK11: 18 | AM11: 779 | AO11: 783 | AS11: 1562 | AV11: 0 | AX11: 0 | AZ11: 0 | BA11: 0 | BC11: 0 | BD11: 0 | BG11: 0 | BI11: 0 | BM11: 0 | BO11: 0 | BR11: 0 | BT11: 0 | BU11: 0 | BX11: 0 | BZ11: 0 | CB11: 0 | CE11: 18 | CH11: 779 | CK11: 783 | CN11: 1562 | CP11: 5 | CS11: 18 | CU11: 23 | CW11: SUCCESS | DA11: =IF(CN11<1001,30000 * 3,50000*3) -> 150000
A12: 6 | B12: Iwoye Area Community High School(Jr), Iwoye | F12: Ilaro | I12: Iwoye | K12: 2 | M12: 91 | O12: 59 | Q12: 150 | S12: 2 | U12: 63 | X12: 47 | AA12: 110 | AC12: 2 | AE12: 50 | AG12: 52 | AI12: 102 | AK12: 6 | AM12: 204 | AO12: 158 | AS12: 362 | AV12: 0 | AX12: 0 | AZ12: 0 | BA12: 0 | BC12: 0 | BD12: 0 | BG12: 0 | BI12: 0 | BM12: 0 | BO12: 0 | BR12: 0 | BT12: 0 | BU12: 0 | BX12: 0 | BZ12: 0 | CB12: 0 | CE12: 6 | CH12: 204 | CK12: 158 | CN12: 362 | CP12: 3 | CS12: 2 | CU12: 5 | CW12: SUCCESS | DA12: =IF(CN12<1001,30000 * 3,50000*3) -> 90000
A13: 7 | B13: Iyewa High School(Jr), Ajilete | F13: Ifekowaju | I13: Ajilete | K13: 3 | M13: 115 | O13: 88 | Q13: 203 | S13: 3 | U13: 108 | X13: 106 | AA13: 214 | AC13: 3 | AE13: 73 | AG13: 79 | AI13: 152 | AK13: 9 | AM13: 296 | AO13: 273 | AS13: 569 | AV13: 0 | AX13: 0 | AZ13: 0 | BA13: 0 | BC13: 0 | BD13: 0 | BG13: 0 | BI13: 0 | BM13: 0 | BO13: 0 | BR13: 0 | BT13: 0 | BU13: 0 | BX13: 0 | BZ13: 0 | CB13: 0 | CE13: 9 | CH13: 296 | CK13: 273 | CN13: 569 | CP13: 3 | CS13: 7 | CU13: 10 | CW13: SUCCESS | DA13: =IF(CN13<1001,30000 * 3,50000*3) -> 90000
A14: 8 | B14: Muslim Progressive High School(Jr), Oke - Odan | F14: Ifekowaju | I14: Oke Odan | K14: 2 | M14: 61 | O14: 69 | Q14: 130 | S14: 2 | U14: 66 | X14: 57 | AA14: 123 | AC14: 2 | AE14: 57 | AG14: 75 | AI14: 132 | AK14: 6 | AM14: 184 | AO14: 201 | AS14: 385 | AV14: 0 | AX14: 0 | AZ14: 0 | BA14: 0 | BC14: 0 | BD14: 0 | BG14: 0 | BI14: 0 | BM14: 0 | BO14: 0 | BR14: 0 | BT14: 0 | BU14: 0 | BX14: 0 | BZ14: 0 | CB14: 0 | CE14: 6 | CH14: 184 | CK14: 201 | CN14: 385 | CP14: 6 | CS14: 12 | CU14: 18 | CW14: SUCCESS | DA14: =IF(CN14<1001,30000 * 3,50000*3) -> 90000
A15: 9 | B15: Oronna High School(Jr), Ilaro | F15: Ilaro | I15: Ilaro 2 | K15: 6 | M15: 140 | O15: 125 | Q15: 265 | S15: 7 | U15: 156 | X15: 135 | AA15: 291 | AC15: 7 | AE15: 135 | AG15: 127 | AI15: 262 | AK15: 20 | AM15: 431 | AO15: 387 | AS15: 818 | AV15: 0 | AX15: 0 | AZ15: 0 | BA15: 0 | BC15: 0 | BD15: 0 | BG15: 0 | BI15: 0 | BM15: 0 | BO15: 0 | BR15: 0 | BT15: 0 | BU15: 0 | BX15: 0 | BZ15: 0 | CB15: 0 | CE15: 20 | CH15: 431 | CK15: 387 | CN15: 818 | CP15: 10 | CS15: 15 | CU15: 25 | CW15: SUCCESS | DA15: =IF(CN15<1001,30000 * 3,50000*3) -> 90000
A16: 10 | B16: Owode Secondary School(Jr), Owode | F16: Ifekowaju | I16: Owode2 | K16: 7 | M16: 280 | O16: 221 | Q16: 501 | S16: 5 | U16: 193 | X16: 182 | AA16: 375 | AC16: 6 | AE16: 198 | AG16: 216 | AI16: 414 | AK16: 18 | AM16: 671 | AO16: 619 | AS16: 1290 | AV16: 0 | AX16: 0 | AZ16: 0 | BA16: 0 | BC16: 0 | BD16: 0 | BG16: 0 | BI16: 0 | BM16: 0 | BO16: 0 | BR16: 0 | BT16: 0 | BU16: 0 | BX16: 0 | BZ16: 0 | CB16: 0 | CE16: 18 | CH16: 671 | CK16: 619 | CN16: 1290 | CP16: 6 | CS16: 9 | CU16: 15 | CW16: SUCCESS | DA16: =IF(CN16<1001,30000 * 3,50000*3) -> 150000
A17: 11 | B17: Yewa College(Jr), Ilaro | F17: Ilaro | I17: Ilaro 1 | K17: 7 | M17: 254 | O17: 243 | Q17: 497 | S17: 6 | U17: 200 | X17: 240 | AA17: 440 | AC17: 6 | AE17: 208 | AG17: 187 | AI17: 395 | AK17: 19 | AM17: 662 | AO17: 670 | AS17: 1332 | AV17: 0 | AX17: 0 | AZ17: 0 | BA17: 0 | BC17: 0 | BD17: 0 | BG17: 0 | BI17: 0 | BM17: 0 | BO17: 0 | BR17: 0 | BT17: 0 | BU17: 0 | BX17: 0 | BZ17: 0 | CB17: 0 | CE17: 19 | CH17: 662 | CK17: 670 | CN17: 1332 | CP17: 15 | CS17: 28 | CU17: 43 | CW17: SUCCESS | DA17: =IF(CN17<1001,30000 * 3,50000*3) -> 150000
A18: 12 | B18: Anglican Grammer School(Snr), Ilaro | F18: Ilaro | I18: Ilaro 1 | K18: 0 | M18: 0 | O18: 0 | Q18: 0 | S18: 0 | U18: 0 | X18: 0 | AA18: 0 | AC18: 0 | AE18: 0 | AG18: 0 | AI18: 0 | AK18: 0 | AM18: 0 | AO18: 0 | AS18: 0 | AV18: 4 | AX18: 99 | AZ18: 117 | BA18: 216 | BC18: 4 | BD18: 109 | BG18: 109 | BI18: 218 | BM18: 4 | BO18: 75 | BR18: 66 | BT18: 141 | BU18: 12 | BX18: 283 | BZ18: 292 | CB18: 575 | CE18: 12 | CH18: 283 | CK18: 292 | CN18: 575 | CP18: 14 | CS18: 10 | CU18: 24 | CW18: SUCCESS | DA18: =IF(CN18<1001,30000 * 3,50000*3) -> 90000
... A29: 23 | B29: Area Community High School , Olokuta | F29: Ilaro | I29: Idogo | K29: 2 | M29: 45 | O29: 29 | Q29: 74 | S29: 1 | U29: 29 | X29: 36 | AA29: 65 | AC29: 1 | AE29: 24 | AG29: 25 | AI29: 49 | AK29: 4 | AM29: 98 | AO29: 90 | AS29: 188 | AV29: 1 | AX29: 24 | AZ29: 17 | BA29: 41 | BC29: 1 | BD29: 31 | BG29: 27 | BI29: 58 | BM29: 1 | BO29: 9 | BR29: 16 | BT29: 25 | BU29: 3 | BX29: 64 | BZ29: 60 | CB29: 124 | CE29: 7 | CH29: 162 | CK29: 150 | CN29: 312 | CP29: 4 | CS29: 2 | CU29: 6 | CW29: SUCCESS | DA29: =IF(CN29<1001,30000 * 3,50000*3) -> 90000
A30: 24 | B30: Baptist High School, Ilaro | F30: Ilaro | I30: Ilaro 3 | K30: 2 | M30: 75 | O30: 53 | Q30: 128 | S30: 2 | U30: 97 | X30: 63 | AA30: 160 | AC30: 2 | AE30: 51 | AG30: 52 | AI30: 103 | AK30: 6 | AM30: 223 | AO30: 168 | AS30: 391 | AV30: 2 | AX30: 56 | AZ30: 78 | BA30: 134 | BC30: 2 | BD30: 52 | BG30: 34 | BI30: 86 | BM30: 1 | BO30: 38 | BR30: 37 | BT30: 75 | BU30: 5 | BX30: 146 | BZ30: 149 | CB30: 295 | CE30: 11 | CH30: 369 | CK30: 317 | CN30: 686 | CP30: 6 | CS30: 11 | CU30: 17 | CW30: SUCCESS | DA30: =CN30*150 -> 102900
A31: 25 | B31: Idogo/Ipaja Area Community High School, Idogo | F31: Ilaro | I31: Idogo | K31: 1 | M31: 31 | O31: 19 | Q31: 50 | S31: 1 | U31: 29 | X31: 26 | AA31: 55 | AC31: 1 | AE31: 31 | AG31: 27 | AI31: 58 | AK31: 3 | AM31: 91 | AO31: 72 | AS31: 163 | AV31: 1 | AX31: 22 | AZ31: 23 | BA31: 45 | BC31: 1 | BD31: 27 | BG31: 23 | BI31: 50 | BM31: 1 | BO31: 32 | BR31: 18 | BT31: 50 | BU31: 3 | BX31: 81 | BZ31: 64 | CB31: 145 | CE31: 6 | CH31: 172 | CK31: 136 | CN31: 308 | CP31: 5 | CS31: 2 | CU31: 7 | CW31: SUCCESS | DA31: =CN31*150 -> 46200
A32: 26 | B32: Oke - Odan Grammer School, Oke - Odan | F32: Ifekowaju | I32: Oke Odan | K32: 3 | M32: 102 | O32: 89 | Q32: 191 | S32: 3 | U32: 84 | X32: 80 | AA32: 164 | AC32: 2 | AE32: 62 | AG32: 68 | AI32: 130 | AK32: 8 | AM32: 248 | AO32: 237 | AS32: 485 | AV32: 3 | AX32: 101 | AZ32: 77 | BA32: 178 | BC32: 2 | BD32: 74 | BG32: 81 | BI32: 155 | BM32: 2 | BO32: 38 | BR32: 48 | BT32: 86 | BU32: 7 | BX32: 213 | BZ32: 206 | CB32: 419 | CE32: 15 | CH32: 461 | CK32: 443 | CN32: 904 | CP32: 15 | CS32: 5 | CU32: 20 | CW32: SUCCESS | DA32: =CN32*150 -> 135600
A33: 27 | B33: Owo Area Community High School, Owo | F33: Ifekowaju | I33: Owo | K33: 1 | M33: 30 | O33: 31 | Q33: 61 | S33: 1 | U33: 36 | X33: 26 | AA33: 62 | AC33: 1 | AE33: 23 | AG33: 20 | AI33: 43 | AK33: 3 | AM33: 89 | AO33: 77 | AS33: 166 | AV33: 1 | AX33: 24 | AZ33: 16 | BA33: 40 | BC33: 1 | BD33: 17 | BG33: 18 | BI33: 35 | BM33: 1 | BO33: 19 | BR33: 9 | BT33: 28 | BU33: 3 | BX33: 60 | BZ33: 43 | CB33: 103 | CE33: 6 | CH33: 149 | CK33: 120 | CN33: 269 | CP33: 7 | CS33: 1 | CU33: 8 | CW33: SUCCESS | DA33: =CN33*150 -> 40350
A34: 28
A35: 29
A36: 30
A37: 31
A38: 32
A39: 33
A40: 34
A41: 35
A42: 36
A43: 37
A44: 38
A45: 39
... A50: 44
B51: TOTAL | K51: 60 | M51: 2412 | O51: 2182 | Q51: 4594 | S51: 59 | U51: 2300 | X51: 2284 | AA51: 4584 | AC51: 55 | AE51: 1970 | AG51: 1987 | AI51: 3957 | AK51: 174 | AM51: 6682 | AO51: 6453 | AS51: 13135 | AV51: 56 | AX51: 2013 | AZ51: 1867 | BA51: 3880 | BC51: 53 | BD51: 1800 | BG51: 1576 | BI51: 3376 | BM51: 52 | BO51: 1242 | BR51: 1278 | BT51: 2520 | BU51: 161 | BX51: 5055 | BZ51: 4721 | CB51: 9776 | CE51: 335 | CH51: 11737 | CK51: 11174 | CN51: =SUM(CN7:CO33) -> 22911 | CP51: 247 | CS51: 277 | CU51: 524 | CW51: 27 | DA51: =SUM(DA7:DA29) -> 2610000
CH52: AMOUNT DUE FOR ZEO @ ₦20 per learner = | DA52: =CN51*20 -> 458220
A53: TOTAL RUNNING COST REQUIRED FOR YEWA SOUTH | DA53: =DA52+DA51 -> 3068220
CK54: =COUNTIF(CN7:CO29, "<1000") -> 14 | CL54: =COUNTIF(CN7:CO29, ">1000") -> 9
B55: =COUNTA(B7:E33)-COUNTIF(B29:F50,"GOVERNMENT SCIENCE") -> 27 | C55: =COUNTIF(B7:E33,"GOVERNMENT SCIENCE") -> 0

Sheet YEWA NORTH NEW
A1: MINISTRY OF EDUCATION, SCIENCE AND TECHNOLOGY
A2: DEPARTMENT OF SECONDARY EDUCATION
A4: SITUATION REPORT OF SECONDARY SCHOOLS
A5: S/N | B5: NAME OF SCHOOL
B7: PUBLIC JUNIOR SECONDARY SCHOOLS
A8: 1 | B8: Ajoda High School (Junior) Ayetoro
A9: 2 | B9: Alaye High School (Junior) Ayetoro
A10: 3 | B10: Ayetoro Community Grammar School (Junior) Ayetoro
A11: 4 | B11: Community High School (Junior) Ijoun
A12: 5 | B12: Comprehensive High School (Junior) Ayetoro
A13: 6 | B13: Ketu College (Junior) Igan - Alade
A14: 7 | B14: Oluaso High School (Junior) Imasayi
A15: 8 | B15: Orita Community High School (Junior) Oja Odan
A16: 9 | B16: Owode Ketu Commercial High School (Junior) Owode Ketu
A17: 10 | B17: Yewa Secondary School (Junior) Igbogila
B18: PUBLIC SENIOR SECONDARY SCHOOLS
A19: 11 | B19: Ajoda High School (Senior) Ayetoro
A20: 12 | B20: Alaye High School (Senior) Ayetoro
A21: 13 | B21: Ayetoro Community Grammar School (Senior) Ayetoro
A22: 14 | B22: Community High School (Senior) Ijoun
A23: 15 | B23: Comprehensive High School (Senior) Ayetoro
A24: 16 | B24: Ketu College (Senior) Igan - Alade
A25: 17 | B25: Oluaso High School (Senior) Imasayi
A26: 18 | B26: Orita Community High School (Senior) Oja Odan
A27: 19 | B27: Owode Ketu Commercial High School (Senior) Owode Ketu
A28: 20 | B28: Yewa Secondary School (Senior) Igbogila
B29: PUBLIC COMBINED SECONDARY SCHOOLS
A30: 21 | B30: Adokun High School, Igan Okoto
A31: 22 | B31: Area Community High School
A32: 23 | B32: Asakanran Grammar School, Ibese
A33: 24 | B33: Community High School, Ebute-Igbooro
A34: 25 | B34: Community High School, Agbon-Ojodu
A35: 26 | B35: Community Comprehensive High School, Eggua
A36: 27 | B36: Community High School Ohunbe
A37: 28 | B37: Eyinni Comp. High School Iboro
A38: 29 | B38: F.A.C.M(UNA) High School, Igbogila
A39: 30 | B39: Government Science and Technical College, Ayetoro
A40: 31 | B40: Community Grammar School, Igbokofi
A41: 32 | B41: Ketu Community High School, Ijale Ketu
... A44: 35 | B44: Sawonjo High School, Sawonjo
B48: =COUNTA(A8:A44) -> 35

Sheet YEWA NORTH
A1: MINISTRY OF EDUCATION SCIENCE AND TECHNOLOGY
A2: DEPARTMENT OF SECONDARY RUNNING COST ANALYSIS BY ZONES
A3: RUNNING COST ANALYSIS
A4: YEWA NORTH
A5: ZONE: | E5: YEWA NORTH | AC5: NUMBER OF SECONDARY SCHOOLS AVAILABLE | AM5: 32 | AW5: DATA ENTRY STATUS: | BM5: YEWA NORTH
A6: S/N | B6: NAME OF SCHOOLS ( IN FULL AND UPPER CASE) | E6: L.G/LCDA | I6: WARD | J6: J S S 1 | R6: J S S 2 | AA6: J S S 3 | AI6: SUB TOTAL J S S 1 - J S S 3 | AS6: S S S 1 | BA6: S S S 2 | BI6: S S S 3 | BR6: SUB TOTAL S S S 1 - S S S 3 | CA6: TOTAL NUMBER OF LEARNERS | CM6: NUMBER OF TEACHERS | CV6: STATUS | CY6: RUNNING COST @ ₦30,000 FOR LEARNERS < 1000 PER MONTH FOR 3 MONTHS & @ ₦50,000 FOR LEARNERS > 1000 PER MONTH FOR 3 MONTHS
J7: ARM | L7: M | N7: F | P7: T | R7: ARM | T7: M | V7: F | Y7: T | AA7: ARM | AC7: M | AE7: F | AG7: T | AI7: ARM | AK7: M | AM7: F | AP7: T | AS7: ARM | AU7: M | AW7: F | AY7: T | BA7: ARM | BB7: M | BD7: F | BF7: T | BI7: ARM | BK7: M | BM7: F | BP7: T | BR7: ARM | BT7: M | BV7: F | BY7: T | CA7: ARM | CD7: M | CG7: F | CJ7: TOTAL | CM7: M | CP7: F | CS7: T
A8: 1 | B8: COMPREHENSIVE HIGH SCHOOL JUNIOR, AYETORO | E8: 1SOKAN | I8: AYE TOR O | J8: 5 | L8: 228 | N8: 271 | P8: 499 | R8: 5 | T8: 190 | V8: 177 | Y8: 367 | AA8: 4 | AC8: 154 | AE8: 148 | AG8: 302 | AI8: 14 | AK8: 572 | AM8: 596 | AP8: 1168 | AS8: 0 | AU8: 0 | AW8: 0 | AY8: 0 | BA8: 0 | BB8: 0 | BD8: 0 | BF8: 0 | BI8: 0 | BK8: 0 | BM8: 0 | BP8: 0 | BR8: 0 | BT8: 0 | BV8: 0 | BY8: 0 | CA8: 14 | CD8: 572 | CG8: 596 | CJ8: 1168 | CM8: 17 | CP8: 12 | CS8: 29 | CV8: SUCCESS | CY8: =IF(CJ8<1001,30000 * 3,50000*3) -> 150000
A9: 2 | B9: AYETORO COMMUNITY GRAMMAR SCHOOL JUNIOR, AYETORO | E9: ISOKAN | I9: AYE TOR O | J9: 2 | L9: 79 | N9: 58 | P9: 137 | R9: 2 | T9: 55 | V9: 39 | Y9: 94 | AA9: 2 | AC9: 35 | AE9: 43 | AG9: 78 | AI9: 6 | AK9: 169 | AM9: 140 | AP9: 309 | AS9: 0 | AU9: 0 | AW9: 0 | AY9: 0 | BA9: 0 | BB9: 0 | BD9: 0 | BF9: 0 | BI9: 0 | BK9: 0 | BM9: 0 | BP9: 0 | BR9: 0 | BT9: 0 | BV9: 0 | BY9: 0 | CA9: 6 | CD9: 169 | CG9: 140 | CJ9: 309 | CM9: 6 | CP9: 5 | CS9: 11 | CV9: SUCCESS | CY9: =IF(CJ9<1001,30000 * 3,50000*3) -> 90000
A10: 3 | B10: ALAYE HIGH SCHOOL JUNIOR, AYETORO | E10: ISOKAN | I10: AYE TOR O WAR D 2 | J10: 4 | L10: 160 | N10: 145 | P10: 305 | R10: 4 | T10: 186 | V10: 133 | Y10: 319 | AA10: 3 | AC10: 165 | AE10: 130 | AG10: 295 | AI10: 11 | AK10: 511 | AM10: 408 | AP10: 919 | AS10: 0 | AU10: 0 | AW10: 0 | AY10: 0 | BA10: 0 | BB10: 0 | BD10: 0 | BF10: 0 | BI10: 0 | BK10: 0 | BM10: 0 | BP10: 0 | BR10: 0 | BT10: 0 | BV10: 0 | BY10: 0 | CA10: 11 | CD10: 511 | CG10: 408 | CJ10: 919 | CM10: 10 | CP10: 5 | CS10: 15 | CV10: SUCCESS | CY10: =IF(CJ10<1001,30000 * 3,50000*3) -> 90000
A11: 4 | B11: AJODA HIGH SCHOOL JUNIOR, AYETORO | E11: ISOKAN | I11: AYE TOR O | J11: 4 | L11: 131 | N11: 143 | P11: 274 | R11: 4 | T11: 137 | V11: 139 | Y11: 276 | AA11: 4 | AC11: 126 | AE11: 128 | AG11: 254 | AI11: 12 | AK11: 394 | AM11: 410 | AP11: 804 | AS11: 0 | AU11: 0 | AW11: 0 | AY11: 0 | BA11: 0 | BB11: 0 | BD11: 0 | BF11: 0 | BI11: 0 | BK11: 0 | BM11: 0 | BP11: 0 | BR11: 0 | BT11: 0 | BV11: 0 | BY11: 0 | CA11: 12 | CD11: 394 | CG11: 410 | CJ11: 804 | CM11: 7 | CP11: 7 | CS11: 14 | CV11: SUCCESS | CY11: =IF(CJ11<1001,30000 * 3,50000*3) -> 90000
A12: 5 | B12: OWODE KETU COMMERCIAL HIGH SCHOOL JUNIOR, OWODE KETU | E12: KETU | I12: EGG UA | J12: 2 | L12: 51 | N12: 33 | P12: 84 | R12: 2 | T12: 40 | V12: 38 | Y12: 78 | AA12: 2 | AC12: 47 | AE12: 50 | AG12: 97 | AI12: 6 | AK12: 138 | AM12: 121 | AP12: 259 | AS12: 0 | AU12: 0 | AW12: 0 | AY12: 0 | BA12: 0 | BB12: 0 | BD12: 0 | BF12: 0 | BI12: 0 | BK12: 0 | BM12: 0 | BP12: 0 | BR12: 0 | BT12: 0 | BV12: 0 | BY12: 0 | CA12: 6 | CD12: 138 | CG12: 121 | CJ12: 259 | CM12: 3 | CP12: 1 | CS12: 4 | CV12: SUCCESS | CY12: =IF(CJ12<1001,30000 * 3,50000*3) -> 90000
A13: 6 | B13: OLUASO HIGH SCHOOL JUNIOR, OLUASO | E13: IJU | I13: IMAS AYI | J13: 2 | L13: 63 | N13: 67 | P13: 130 | R13: 2 | T13: 71 | V13: 55 | Y13: 126 | AA13: 2 | AC13: 94 | AE13: 80 | AG13: 174 | AI13: 6 | AK13: 228 | AM13: 202 | AP13: 430 | AS13: 0 | AU13: 0 | AW13: 0 | AY13: 0 | BA13: 0 | BB13: 0 | BD13: 0 | BF13: 0 | BI13: 0 | BK13: 0 | BM13: 0 | BP13: 0 | BR13: 0 | BT13: 0 | BV13: 0 | BY13: 0 | CA13: 6 | CD13: 228 | CG13: 202 | CJ13: 430 | CM13: 4 | CP13: 3 | CS13: 7 | CV13: SUCCESS | CY13: =IF(CJ13<1001,30000 * 3,50000*3) -> 90000
A14: 7 | B14: YEWA SECONDARY SCHOOL JUNIOR, IGBOGILA | E14: IJU | I14: IGBO GILA | J14: 4 | L14: 116 | N14: 112 | P14: 228 | R14: 4 | T14: 96 | V14: 91 | Y14: 187 | AA14: 3 | AC14: 65 | AE14: 75 | AG14: 140 | AI14: 11 | AK14: 277 | AM14: 278 | AP14: 555 | AS14: 0 | AU14: 0 | AW14: 0 | AY14: 0 | BA14: 0 | BB14: 0 | BD14: 0 | BF14: 0 | BI14: 0 | BK14: 0 | BM14: 0 | BP14: 0 | BR14: 0 | BT14: 0 | BV14: 0 | BY14: 0 | CA14: 11 | CD14: 277 | CG14: 278 | CJ14: 555 | CM14: 10 | CP14: 3 | CS14: 13 | CV14: SUCCESS | CY14: =IF(CJ14<1001,30000 * 3,50000*3) -> 90000
A15: 8 | B15: KETU COLLEGE JUNIOR, IGAN ALADE | E15: KETU | I15: EGG UA | J15: 2 | L15: 60 | N15: 66 | P15: 126 | R15: 2 | T15: 58 | V15: 65 | Y15: 123 | AA15: 2 | AC15: 54 | AE15: 52 | AG15: 106 | AI15: 6 | AK15: 172 | AM15: 183 | AP15: 355 | AS15: 0 | AU15: 0 | AW15: 0 | AY15: 0 | BA15: 0 | BB15: 0 | BD15: 0 | BF15: 0 | BI15: 0 | BK15: 0 | BM15: 0 | BP15: 0 | BR15: 0 | BT15: 0 | BV15: 0 | BY15: 0 | CA15: 6 | CD15: 172 | CG15: 183 | CJ15: 355 | CM15: 4 | CP15: 1 | CS15: 5 | CV15: SUCCESS | CY15: =IF(CJ15<1001,30000 * 3,50000*3) -> 90000
A16: 9 | B16: COMMUNITY HIGH SCHOOL JUNIOR, IJOUN | E16: KETU | I16: IJOU N | J16: 3 | L16: 102 | N16: 101 | P16: 203 | R16: 3 | T16: 110 | V16: 95 | Y16: 205 | AA16: 3 | AC16: 72 | AE16: 67 | AG16: 139 | AI16: 9 | AK16: 284 | AM16: 263 | AP16: 547 | AS16: 0 | AU16: 0 | AW16: 0 | AY16: 0 | BA16: 0 | BB16: 0 | BD16: 0 | BF16: 0 | BI16: 0 | BK16: 0 | BM16: 0 | BP16: 0 | BR16: 0 | BT16: 0 | BV16: 0 | BY16: 0 | CA16: 9 | CD16: 284 | CG16: 263 | CJ16: 547 | CM16: 6 | CP16: 0 | CS16: 6 | CV16: SUCCESS | CY16: =IF(CJ16<1001,30000 * 3,50000*3) -> 90000
A17: 10 | B17: ORITA COMMUNITY HIGH SCHOOL JUNIOR, OJA ODAN | E17: KETU | I17: EBU TE | J17: 4 | L17: 210 | N17: 171 | P17: 381 | R17: 4 | T17: 225 | V17: 165 | Y17: 390 | AA17: 4 | AC17: 158 | AE17: 140 | AG17: 298 | AI17: 12 | AK17: 593 | AM17: 476 | AP17: 1069 | AS17: 0 | AU17: 0 | AW17: 0 | AY17: 0 | BA17: 0 | BB17: 0 | BD17: 0 | BF17: 0 | BI17: 0 | BK17: 0 | BM17: 0 | BP17: 0 | BR17: 0 | BT17: 0 | BV17: 0 | BY17: 0 | CA17: 12 | CD17: 593 | CG17: 476 | CJ17: 1069 | CM17: 9 | CP17: 5 | CS17: 14 | CV17: SUCCESS | CY17: =IF(CJ17<1001,30000 * 3,50000*3) -> 150000
A18: 11 | B18: GOVERNMENT SCIENCE AND TECHNICAL COLLEGE JUNIOR, AYETORO | E18: ISOKAN | I18: AYE TOR O | J18: 3 | L18: 83 | N18: 61 | P18: 144 | R18: 3 | T18: 77 | V18: 66 | Y18: 143 | AA18: 2 | AC18: 91 | AE18: 59 | AG18: 150 | AI18: 8 | AK18: 251 | AM18: 186 | AP18: 437 | AS18: 0 | AU18: 0 | AW18: 0 | AY18: 0 | BA18: 0 | BB18: 0 | BD18: 0 | BF18: 0 | BI18: 0 | BK18: 0 | BM18: 0 | BP18: 0 | BR18: 0 | BT18: 0 | BV18: 0 | BY18: 0 | CA18: 8 | CD18: 251 | CG18: 186 | CJ18: 437 | CM18: 15 | CP18: 5 | CS18: 20 | CV18: SUCCESS | CY18: =IF(CJ18<1001,30000 * 3,50000*3) -> 90000
A19: 12 | B19: COMPREHENSIVE HIGH SCHOOL SENIOR, AYETORO | E19: IDOFOI | I19: AYE TOR O | J19: 0 | L19: 0 | N19: 0 | P19: 0 | R19: 0 | T19: 0 | V19: 0 | Y19: 0 | AA19: 0 | AC19: 0 | AE19: 0 | AG19: 0 | AI19: 0 | AK19: 0 | AM19: 0 | AP19: 0 | AS19: 9 | AU19: 278 | AW19: 272 | AY19: 550 | BA19: 9 | BB19: 170 | BD19: 166 | BF19: 336 | BI19: 9 | BK19: 152 | BM19: 158 | BP19: 310 | BR19: 27 | BT19: 600 | BV19: 596 | BY19: 1196 | CA19: 27 | CD19: 600 | CG19: 596 | CJ19: 1196 | CM19: 14 | CP19: 13 | CS19: 27 | CV19: SUCCESS | CY19: =IF(CJ19<1001,30000 * 3,50000*3) -> 150000
... A39: 32 | B39: ADOKUN HIGH SCHOOL. IGAN OKOTO | E39: IJU | I39: SUN WA | J39: 1 | L39: 32 | N39: 34 | P39: 66 | R39: 1 | T39: 23 | V39: 21 | Y39: 44 | AA39: 1 | AC39: 26 | AE39: 20 | AG39: 46 | AI39: 3 | AK39: 81 | AM39: 75 | AP39: 156 | AS39: 1 | AU39: 20 | AW39: 21 | AY39: 41 | BA39: 1 | BB39: 29 | BD39: 18 | BF39: 47 | BI39: 1 | BK39: 20 | BM39: 15 | BP39: 35 | BR39: 3 | BT39: 69 | BV39: 54 | BY39: 123 | CA39: 6 | CD39: 150 | CG39: 129 | CJ39: 279 | CM39: 5 | CP39: 6 | CS39: 11 | CV39: SUCCESS | CY39: =IF(CJ39<1001,30000 * 3,50000*3) -> 90000
B40: TOTAL | J40: 52 | L40: 1851 | N40: 1707 | P40: 3558 | R40: 52 | T40: 1761 | V40: 1487 | Y40: 3248 | AA40: 47 | AC40: 1537 | AE40: 1416 | AG40: 2953 | AI40: 151 | AK40: 5149 | AM40: 4610 | AP40: 9759 | AS40: 48 | AU40: 1425 | AW40: 1190 | AY40: 2615 | BA40: 48 | BB40: 1186 | BD40: 1024 | BF40: 2210 | BI40: 45 | BK40: 873 | BM40: 762 | BP40: 1635 | BR40: 141 | BT40: 3484 | BV40: 2976 | BY40: 6460 | CA40: 292 | CD40: 8633 | CG40: 7586 | CJ40: 16219 | CM40: 274 | CP40: 115 | CS40: 389 | CV40: 32 | CY40: =SUM(CY8:CY39) -> 3120000
E41: 32 | I41: AMOUNT DUE FOR ZEO @ ₦20 per candidate = | CM41: 15 | CP41: 5 | CS41: 20 | CY41: =CJ40*20 -> 324380
A42: TOTAL RUNNING COST REQUIRED FOR YEWA NORTH | CM42: 259 | CP42: 110 | CS42: 369 | CV42: LESS GSTC TEACHERS | CY42: =CY40+CY41 -> 3444380
CD43: =COUNTIF(CJ8:CL39, "<1000") -> 28 | CE43: =COUNTIF(CJ8:CL39, ">1000") -> 4
B44: =COUNTA(B8:D39)-COUNTIF(B8:D39,"GOVERNMENT SCIENCE") -> 32 | C44: =COUNTIF(B8:D39,"GOVERNMENT SCIENCE") -> 0

Sheet Remo north new 
A1: MINISTRY OF EDUCATION SCIENCE AND TECHNOLOGY
A2: DEPARTMENT OF SECONDARY RUNNING COST ANALYSIS BY ZONES
A3: REMO NORTH
A4: S/N | B4: NAME OF SCHOOLS
A6: 1 | B6: GOVERNMENT SCIENCE AND TECHNICAL COLLEGE, ILARA REMO
A7: 2 | B7: ODE REMO HIGH SCHOOL (JUNIOR), ODE REMO
A8: 3 | B8: ODE REMO HIGH SCHOOL (SENIOR), ODE REMO
A9: 4 | B9: ISARA SECONDARY SCHOOL, ISARA REMO
A10: 5 | B10: IYANKAN HIGH SCHOOL, ISARA REMO
A11: 6 | B11: ORILE OKO COMMUNITY HIGH SCHOOL, ISAN
A12: 7 | B12: SAAPADE GRAMMAR SCHOOL, SAAPADE
A13: 8 | B13: IPARA COMMUNITY HIGH SCHOOL, IPARA REMO
A14: 9 | B14: ILARA/AKAKA COMMUNITY GRAMMAR SCHOOL, ILARA
B17: =COUNTA(A6:A14) -> 9

Sheet Remo North
A1: MINISTRY OF EDUCATION SCIENCE AND TECHNOLOGY
A2: DEPARTMENT OF SECONDARY RUNNING COST ANALYSIS BY ZONES
A3: RUNNING COST ANALYSIS
A4: REMO NORTH
A5: S/N | B5: NAME OF SCHOOLS ( IN FULL AND UPPER CASE) | G5: L.G/LCDA | J5: WARD | L5: J S S 1 | T5: J S S 2 | AC5: J S S 3 | AK5: SUB TOTAL J S S 1 - J S S 3 | AV5: S S S 1 | BB5: S S S 2 | BK5: S S S 3 | BT5: SUB TOTAL S S S 1 - S S S 3 | CD5: GRAND TOTAL | CP5: NUMBER OF TEACHERS | CX5: STATUS | DB5: RUNNING COST @ ₦30,000 FOR LEARNERS < 1000 PER MONTH FOR 3 MONTHS & @ ₦50,000 FOR LEARNERS > 1000 PER MONTH FOR 3 MONTHS
L6: ARM | N6: M | P6: F | R6: T | T6: ARM | V6: M | Y6: F | AA6: T | AC6: ARM | AE6: M | AG6: F | AI6: T | AK6: ARM | AM6: M | AO6: F | AS6: T | AV6: ARM | AW6: M | AY6: F | BA6: T | BB6: ARM | BD6: M | BF6: F | BI6: T | BK6: ARM | BM6: M | BP6: F | BR6: T | BT6: ARM | BV6: M | BY6: F | CA6: T | CD6: ARM | CG6: M | CJ6: F | CM6: T | CP6: M | CS6: F | CV6: T
A7: 1 | B7: ODE REMO HIGH SCHOOL (JUNIOR), ODE | G7: REMO NORTH EAST | J7: 9 | L7: 3 | N7: 121 | P7: 129 | R7: 250 | T7: 4 | V7: 123 | Y7: 129 | AA7: 252 | AC7: 3 | AE7: 117 | AG7: 110 | AI7: 227 | AK7: 10 | AM7: 361 | AO7: 368 | AS7: 729 | AV7: 0 | AW7: 0 | AY7: 0 | BA7: 0 | BB7: 0 | BD7: 0 | BF7: 0 | BI7: 0 | BK7: 0 | BM7: 0 | BP7: 0 | BR7: 0 | BT7: 0 | BV7: 0 | BY7: 0 | CA7: 0 | CD7: 10 | CG7: 361 | CJ7: 368 | CM7: 729 | CP7: 5 | CS7: 8 | CV7: 13 | CX7: SUCCESS | DB7: =IF(CL39<1001,30000 * 3,50000*3) -> 90000
A8: 2 | B8: ODE REMO HIGH SCHOOL (SENIOR), ODE | G8: REMO NORTH EAST | J8: 9 | L8: 0 | N8: 0 | P8: 0 | R8: 0 | T8: 0 | V8: 0 | Y8: 0 | AA8: 0 | AC8: 0 | AE8: 0 | AG8: 0 | AI8: 0 | AK8: 0 | AM8: 0 | AO8: 0 | AS8: 0 | AV8: 3 | AW8: 90 | AY8: 76 | BA8: 166 | BB8: 3 | BD8: 65 | BF8: 66 | BI8: 131 | BK8: 3 | BM8: 56 | BP8: 38 | BR8: 94 | BT8: 9 | BV8: 211 | BY8: 180 | CA8: 391 | CD8: 9 | CG8: 211 | CJ8: 180 | CM8: 391 | CP8: 8 | CS8: 9 | CV8: 17 | CX8: SUCCESS | DB8: =IF(CL40<1001,30000 * 3,50000*3) -> 90000
A9: 3 | B9: IPARA COMMUNITY HIGH SCHOOL, IPARA | G9: REMO NORTH EAST | J9: 7 | L9: 2 | N9: 72 | P9: 55 | R9: 127 | T9: 2 | V9: 40 | Y9: 45 | AA9: 85 | AC9: 2 | AE9: 46 | AG9: 41 | AI9: 87 | AK9: 6 | AM9: 158 | AO9: 141 | AS9: 299 | AV9: 3 | AW9: 29 | AY9: 31 | BA9: 60 | BB9: 3 | BD9: 41 | BF9: 40 | BI9: 81 | BK9: 3 | BM9: 34 | BP9: 32 | BR9: 66 | BT9: 9 | BV9: 104 | BY9: 103 | CA9: 207 | CD9: 15 | CG9: 262 | CJ9: 244 | CM9: 506 | CP9: 11 | CS9: 5 | CV9: 16 | CX9: SUCCESS | DB9: =IF(CL41<1001,30000 * 3,50000*3) -> 90000
A10: 4 | B10: ISARA SECONDARY SCHOOL, ISARA | G10: REMO NORTH | J10: 3 | L10: 3 | N10: 127 | P10: 112 | R10: 239 | T10: 3 | V10: 131 | Y10: 76 | AA10: 207 | AC10: 3 | AE10: 69 | AG10: 66 | AI10: 135 | AK10: 9 | AM10: 327 | AO10: 254 | AS10: 581 | AV10: 3 | AW10: 76 | AY10: 55 | BA10: 131 | BB10: 3 | BD10: 54 | BF10: 41 | BI10: 95 | BK10: 3 | BM10: 25 | BP10: 29 | BR10: 54 | BT10: 9 | BV10: 155 | BY10: 125 | CA10: 280 | CD10: 18 | CG10: 482 | CJ10: 379 | CM10: 861 | CP10: 9 | CS10: 10 | CV10: 19 | CX10: SUCCESS | DB10: =IF(CL42<1001,30000 * 3,50000*3) -> 90000
A11: 5 | B11: IYANKAN COMMUNITY HIGH SCHOOL, IYANKAN | G11: REMO NORTH | J11: 3 | L11: 1 | N11: 7 | P11: 12 | R11: 19 | T11: 1 | V11: 7 | Y11: 6 | AA11: 13 | AC11: 1 | AE11: 11 | AG11: 6 | AI11: 17 | AK11: 3 | AM11: 25 | AO11: 24 | AS11: 49 | AV11: 1 | AW11: 6 | AY11: 7 | BA11: 13 | BB11: 1 | BD11: 6 | BF11: 4 | BI11: 10 | BK11: 1 | BM11: 3 | BP11: 3 | BR11: 6 | BT11: 3 | BV11: 15 | BY11: 14 | CA11: 29 | CD11: 6 | CG11: 40 | CJ11: 38 | CM11: 78 | CP11: 3 | CS11: 7 | CV11: 10 | CX11: SUCCESS | DB11: =IF(CL43<1001,30000 * 3,50000*3) -> 90000
A12: 6 | B12: ORILE OKO COMMUNITY HIGH SCHOOL, ISAN | G12: REMO NORTH | J12: 8 | L12: 1 | N12: 40 | P12: 40 | R12: 80 | T12: 1 | V12: 25 | Y12: 27 | AA12: 52 | AC12: 1 | AE12: 27 | AG12: 25 | AI12: 52 | AK12: 3 | AM12: 92 | AO12: 92 | AS12: 184 | AV12: 1 | AW12: 17 | AY12: 16 | BA12: 33 | BB12: 1 | BD12: 12 | BF12: 13 | BI12: 25 | BK12: 1 | BM12: 12 | BP12: 18 | BR12: 30 | BT12: 3 | BV12: 41 | BY12: 47 | CA12: 88 | CD12: 6 | CG12: 133 | CJ12: 139 | CM12: 272 | CP12: 9 | CS12: 3 | CV12: 12 | CX12: SUCCESS | DB12: =IF(CL44<1001,30000 * 3,50000*3) -> 90000
A13: 7 | B13: SAAPADE GRAMMAR SCHOOL, SAAPADE | G13: REMO NORTH | J13: 2 | L13: 2 | N13: 48 | P13: 52 | R13: 100 | T13: 2 | V13: 47 | Y13: 66 | AA13: 113 | AC13: 2 | AE13: 50 | AG13: 60 | AI13: 110 | AK13: 6 | AM13: 145 | AO13: 178 | AS13: 323 | AV13: 2 | AW13: 50 | AY13: 62 | BA13: 112 | BB13: 2 | BD13: 30 | BF13: 39 | BI13: 69 | BK13: 2 | BM13: 28 | BP13: 23 | BR13: 51 | BT13: 6 | BV13: 108 | BY13: 124 | CA13: 232 | CD13: 12 | CG13: 253 | CJ13: 302 | CM13: 555 | CP13: 15 | CS13: 4 | CV13: 19 | CX13: SUCCESS | DB13: =IF(CL45<1001,30000 * 3,50000*3) -> 90000
A14: 8 | B14: ILARA/AKAKA COMMUNITY GRAMMAR SCHOOL, ILARA/AKAKA | G14: REMO NORTH EAST | J14: 5 | L14: 1 | N14: 25 | P14: 19 | R14: 44 | T14: 1 | V14: 7 | Y14: 3 | AA14: 10 | AC14: 1 | AE14: 5 | AG14: 8 | AI14: 13 | AK14: 3 | AM14: 37 | AO14: 30 | AS14: 67 | AV14: 1 | AW14: 3 | AY14: 3 | BA14: 6 | BB14: 1 | BD14: 6 | BF14: 4 | BI14: 10 | BK14: 1 | BM14: 9 | BP14: 1 | BR14: 10 | BT14: 3 | BV14: 18 | BY14: 8 | CA14: 26 | CD14: 6 | CG14: 55 | CJ14: 38 | CM14: 93 | CP14: 8 | CS14: 6 | CV14: 14 | CX14: SUCCESS | DB14: =IF(CL46<1001,30000 * 3,50000*3) -> 90000
A15: 9 | B15: GOVERNMENT SCIENCE AND TECHNICAL COLLEGE, ILARA | G15: REMO NORTH EAST | J15: 5 | L15: 1 | N15: 3 | P15: 2 | R15: 5 | T15: 1 | V15: 6 | Y15: 7 | AA15: 13 | AC15: 1 | AE15: 5 | AG15: 5 | AI15: 10 | AK15: 3 | AM15: 14 | AO15: 14 | AS15: 28 | AV15: 0 | AW15: 0 | AY15: 0 | BA15: 0 | BB15: 0 | BD15: 0 | BF15: 0 | BI15: 0 | BK15: 0 | BM15: 0 | BP15: 0 | BR15: 0 | BT15: 0 | BV15: 0 | BY15: 0 | CA15: 0 | CD15: 3 | CG15: 14 | CJ15: 14 | CM15: 28 | CP15: 12 | CS15: 11 | CV15: 23 | CX15: SUCCESS | DB15: =IF(CL47<1001,30000 * 3,50000*3) -> 90000
B16: TOTAL | L16: 14 | N16: 443 | P16: 421 | R16: 864 | T16: 15 | V16: 386 | Y16: 359 | AA16: 745 | AC16: 14 | AE16: 330 | AG16: 321 | AI16: 651 | AK16: 43 | AM16: 1159 | AO16: 1101 | AS16: 2260 | AV16: 14 | AW16: 271 | AY16: 250 | BA16: 521 | BB16: 14 | BD16: 214 | BF16: 207 | BI16: 421 | BK16: 14 | BM16: 167 | BP16: 144 | BR16: 311 | BT16: 42 | BV16: 652 | BY16: 601 | CA16: 1253 | CD16: 85 | CG16: 1811 | CJ16: 1702 | CM16: 3513 | CP16: 80 | CS16: 63 | CV16: 143 | CX16: 9 | DB16: =SUM(DB7:DB15) -> 810000
G17: 9 | J17: AMOUNT DUE FOR ZEO @ ₦20 per candidate = | CP17: 12 | CS17: 11 | CV17: 23 | DB17: =CM16*20 -> 70260
CD18: TOTAL RUNNING COST REQUIRED FOR REMO NORTH | CP18: 68 | CS18: 52 | CV18: 120 | CX18: LESS GSTC TEACHERS | DB18: =DB16+DB17 -> 880260
CD19: =COUNTIF(CM7:CO15, "<1000") -> 9 | CE19: =COUNTIF(CM7:CO15, ">1000") -> 0
B20: =COUNTA(B7:F15)-COUNTIF(B7:F15,"GOVERNMENT SCIENCE") -> 9 | C20: =COUNTIF(B7:D38,"GOVERNMENT SCIENCE") -> 0

Sheet Sagamu New
A1: MINISTRY OF EDUCATION SCIENCE AND TECHNOLOGY
A2: DEPARTMENT OF SECONDARY RUNNING COST ANALYSIS BY ZONES
A3: SAGAMU
A4: S/NO | B4: NAME OF SCHOOL
B5: JUNIOR SCHOOL
A6: 1 | B6: BATORO COMMUNITY HIGH SCHOOL, SAGAMU
A7: 2 | B7: MAKUN HIGH SCHOOL, SAGAMU
A8: 3 | B8: METHODIST COMPREHENSIVE COLLEGE, SAGAMU
A9: 4 | B9: MUSLIM HIGH SCHOOL, SAGAMU
A10: 5 | B10: OGIJO COMMUNITY HIGH SCHOOL, OGIJO
A11: 6 | B11: REMO DIVISIONAL HIGH SCHOOL, SAGAMU
A12: 7 | B12: REMO SECONDARY SCHOOL, SAGAMU
A13: 8 | B13: SAGAMU HIGH SCHOOL, SAGAMU
A14: 9 | B14: SONYINDO COMMUNITY HIGH SCHOOL, SAGAMU
B15: SENIOR SCHOOL
A16: 10 | B16: BATORO COMMUNITY HIGH SCHOOL, SAGAMU
A17: 11 | B17: MAKUN HIGH SCHOOL, SAGAMU
A18: 12 | B18: METHODIST COMPREHENSIVE COLLEGE, SAGAMU
A19: 13 | B19: MUSLIM HIGH SCHOOL, SAGAMU
A20: 14 | B20: OGIJO COMMUNITY HIGH SCHOOL, OGIJO
A21: 15 | B21: REMO DIVISIONAL HIGH SCHOOL, SAGAMU
A22: 16 | B22: REMO SECONDARY SCHOOL, SAGAMU
A23: 17 | B23: SAGAMU HIGH SCHOOL, SAGAMU
A24: 18 | B24: SONYINDO COMMUNITY HIGH SCHOOL, SAGAMU
B25: COMBINED SCHOOL
A26: 19 | B26: AGBELE COMMUNITY HIGH SCHOOL, SAGAMU
A27: 20 | B27: COMMUNITY GRAMMAR SCHOOL, ODE-LEMO
A28: 21 | B28: DANIEL COMPREHENSIVE HIGH SCHOOL, SAGAMU
A29: 22 | B29: IJAGBA COMMUNITY HIGH SCHOOL, SOTUBO
A30: 23 | B30: MULERUWA COMMUNITY HIGH SCHOOL, GBAGA
A31: 24 | B31: OFIN HIGH SCHOOL, SAGAMU
A32: 25 | B32: OLOMIMEJI COMMUNITY HIGH SCHOOL, EMUREN
A33: 26 | B33: SIMAWA COMMUNITY HIGH SCHOOL, SIMAWA
A34: 27 | B34: ST. JOHN'S ANGLICAN GRAMMAR SCHOOL, ODE-LEMO
A35: 28 | B35: OGO-OLUWA C OMMUNITY MODEL SECONDARY SCHOOL, AJEGUNLE, OGIJO
B38: =COUNTA(A6:A35) -> 28

Sheet Sagamu
A1: MINISTRY OF EDUCATION SCIENCE AND TECHNOLOGY
A2: DEPARTMENT OF SECONDARY RUNNING COST ANALYSIS BY ZONES
A3: RUNNING COST ANALYSIS
A4: SAGAMU
A5: ZONE: | D5: SAGAMU | AA5: NUMBER OF SECONDARY SCHOOLS AVAILABLE | AK5: 27 | AT5: DATA ENTRY STATUS: | BI5: SAGAMU
A6: S/N | B6: NAME OF SCHOOLS ( IN FULL AND UPPER CASE) | D6: L.G/LCDA | H6: WARD | I6: J S S 1 | Q6: J S S 2 | Y6: J S S 3 | AG6: SUB TOTAL J S S 1 - J S S 3 | AP6: S S S 1 | AX6: S S S 2 | BD6: S S S 3 | BM6: SUB TOTAL S S S 1 - S S S 3 | CG6: NUMBER OF TEACHERS | CO6: STATUS
I7: ARM | K7: M | M7: F | O7: T | Q7: ARM | R7: M | U7: F | W7: T | Y7: ARM | AA7: M | AC7: F | AE7: T | AG7: ARM | AI7: M | AK7: F | AM7: T | AP7: ARM | AR7: M | AT7: F | AV7: T | AX7: ARM | AZ7: M | BA7: F | BB7: T | BD7: ARM | BF7: M | BI7: F | BK7: T | BM7: ARM | BP7: M | BR7: F | BT7: T | BV7: ARM | BY7: M | CA7: F | CD7: TOTAL | CG7: M | CJ7: F | CM7: T | CT7: RUNNING COST @ ₦30,000 FOR LEARNERS < 1000 PER MONTH FOR 3 MONTHS & @ ₦50,000 FOR LEARNERS > 1000 PER MONTH FOR 3 MONTHS
A8: 1 | B8: BATORO COMMUNITY HIGH SCHOOL JUNIOR SAGAMU. | D8: SAGAMU | H8: 3 | I8: 4 | K8: 108 | M8: 118 | O8: 226 | Q8: 4 | R8: 107 | U8: 106 | W8: 213 | Y8: 4 | AA8: 136 | AC8: 140 | AE8: 276 | AG8: 12 | AI8: 351 | AK8: 364 | AM8: 715 | AP8: 0 | AR8: 0 | AT8: 0 | AV8: 0 | AX8: 0 | AZ8: 0 | BA8: 0 | BB8: 0 | BD8: 0 | BF8: 0 | BI8: 0 | BK8: 0 | BM8: 0 | BP8: 0 | BR8: 0 | BT8: 0 | BV8: 12 | BY8: 351 | CA8: 364 | CD8: 715 | CG8: 9 | CJ8: 25 | CM8: 34 | CO8: SUCCESS | CT8: =IF(CD8<1001,30000 * 3,50000*3) -> 90000
A9: 2 | B9: MAKUN HIGH SCHOOL JUNIOR, SAGAMU. | D9: SAGAMU | H9: 12 | I9: 9 | K9: 273 | M9: 240 | O9: 513 | Q9: 8 | R9: 194 | U9: 193 | W9: 387 | Y9: 10 | AA9: 260 | AC9: 278 | AE9: 538 | AG9: 27 | AI9: 727 | AK9: 711 | AM9: 1438 | AP9: 0 | AR9: 0 | AT9: 0 | AV9: 0 | AX9: 0 | AZ9: 0 | BA9: 0 | BB9: 0 | BD9: 0 | BF9: 0 | BI9: 0 | BK9: 0 | BM9: 0 | BP9: 0 | BR9: 0 | BT9: 0 | BV9: 27 | BY9: 727 | CA9: 711 | CD9: 1438 | CG9: 7 | CJ9: 29 | CM9: 36 | CO9: SUCCESS | CT9: =IF(CD9<1001,30000 * 3,50000*3) -> 150000
A10: 3 | B10: METHODIST COMPREHENSIVE COLLEGE JUNIOR, SAGAMU | D10: SAGAMU | H10: 6 | I10: 10 | K10: 344 | M10: 358 | O10: 702 | Q10: 10 | R10: 412 | U10: 436 | W10: 848 | Y10: 10 | AA10: 375 | AC10: 319 | AE10: 694 | AG10: 30 | AI10: 1131 | AK10: 1113 | AM10: 2244 | AP10: 0 | AR10: 0 | AT10: 0 | AV10: 0 | AX10: 0 | AZ10: 0 | BA10: 0 | BB10: 0 | BD10: 0 | BF10: 0 | BI10: 0 | BK10: 0 | BM10: 0 | BP10: 0 | BR10: 0 | BT10: 0 | BV10: 30 | BY10: 1131 | CA10: 1113 | CD10: 2244 | CG10: 11 | CJ10: 25 | CM10: 36 | CO10: SUCCESS | CT10: =IF(CD10<1001,30000 * 3,50000*3) -> 150000
A11: 4 | B11: MUSLIM HIGH SCHOOL JUNIOR SAGAMU. | D11: SAGAMU | H11: 5 | I11: 10 | K11: 285 | M11: 230 | O11: 515 | Q11: 10 | R11: 263 | U11: 274 | W11: 537 | Y11: 10 | AA11: 265 | AC11: 225 | AE11: 490 | AG11: 30 | AI11: 813 | AK11: 729 | AM11: 1542 | AP11: 0 | AR11: 0 | AT11: 0 | AV11: 0 | AX11: 0 | AZ11: 0 | BA11: 0 | BB11: 0 | BD11: 0 | BF11: 0 | BI11: 0 | BK11: 0 | BM11: 0 | BP11: 0 | BR11: 0 | BT11: 0 | BV11: 30 | BY11: 813 | CA11: 729 | CD11: 1542 | CG11: 13 | CJ11: 25 | CM11: 38 | CO11: SUCCESS | CT11: =IF(CD11<1001,30000 * 3,50000*3) -> 150000
A12: 5 | B12: OGIJO COMMUNITY HIGH SCHOOL JUNIOR, OGIJO | D12: SAGAMU | H12: 10 | I12: 12 | K12: 432 | M12: 394 | O12: 826 | Q12: 14 | R12: 532 | U12: 475 | W12: 1007 | Y12: 12 | AA12: 458 | AC12: 479 | AE12: 937 | AG12: 38 | AI12: 1422 | AK12: 1348 | AM12: 2770 | AP12: 0 | AR12: 0 | AT12: 0 | AV12: 0 | AX12: 0 | AZ12: 0 | BA12: 0 | BB12: 0 | BD12: 0 | BF12: 0 | BI12: 0 | BK12: 0 | BM12: 0 | BP12: 0 | BR12: 0 | BT12: 0 | BV12: 38 | BY12: 1422 | CA12: 1348 | CD12: 2770 | CG12: 11 | CJ12: 32 | CM12: 43 | CO12: SUCCESS | CT12: =IF(CD12<1001,30000 * 3,50000*3) -> 150000
A13: 6 | B13: REMO DIVISIONAL HIGH SCHOOL JUNIOR, SAGAMU. | D13: SAGAMU | H13: 5 | I13: 12 | K13: 309 | M13: 356 | O13: 665 | Q13: 12 | R13: 308 | U13: 253 | W13: 561 | Y13: 12 | AA13: 245 | AC13: 282 | AE13: 527 | AG13: 36 | AI13: 862 | AK13: 891 | AM13: 1753 | AP13: 0 | AR13: 0 | AT13: 0 | AV13: 0 | AX13: 0 | AZ13: 0 | BA13: 0 | BB13: 0 | BD13: 0 | BF13: 0 | BI13: 0 | BK13: 0 | BM13: 0 | BP13: 0 | BR13: 0 | BT13: 0 | BV13: 36 | BY13: 862 | CA13: 891 | CD13: 1753 | CG13: 11 | CJ13: 33 | CM13: 44 | CO13: SUCCESS | CT13: =IF(CD13<1001,30000 * 3,50000*3) -> 150000
A14: 7 | B14: REMO SECONDARY SCHOOL JUNIOR. SAGAMU. | D14: SAGAMU | H14: 1 | I14: 8 | K14: 398 | M14: 428 | O14: 826 | Q14: 8 | R14: 303 | U14: 309 | W14: 612 | Y14: 7 | AA14: 249 | AC14: 277 | AE14: 526 | AG14: 23 | AI14: 950 | AK14: 1014 | AM14: 1964 | AP14: 0 | AR14: 0 | AT14: 0 | AV14: 0 | AX14: 0 | AZ14: 0 | BA14: 0 | BB14: 0 | BD14: 0 | BF14: 0 | BI14: 0 | BK14: 0 | BM14: 0 | BP14: 0 | BR14: 0 | BT14: 0 | BV14: 23 | BY14: 950 | CA14: 1014 | CD14: 1964 | CG14: 21 | CJ14: 34 | CM14: 55 | CO14: SUCCESS | CT14: =IF(CD14<1001,30000 * 3,50000*3) -> 150000
A15: 8 | B15: SAGAMU HIGH SCHOOL JUNIOR SAGAMU | D15: SAGAMU | H15: 12 | I15: 6 | K15: 173 | M15: 161 | O15: 334 | Q15: 6 | R15: 183 | U15: 195 | W15: 378 | Y15: 6 | AA15: 153 | AC15: 128 | AE15: 281 | AG15: 18 | AI15: 509 | AK15: 484 | AM15: 993 | AP15: 0 | AR15: 0 | AT15: 0 | AV15: 0 | AX15: 0 | AZ15: 0 | BA15: 0 | BB15: 0 | BD15: 0 | BF15: 0 | BI15: 0 | BK15: 0 | BM15: 0 | BP15: 0 | BR15: 0 | BT15: 0 | BV15: 18 | BY15: 509 | CA15: 484 | CD15: 993 | CG15: 5 | CJ15: 29 | CM15: 34 | CO15: SUCCESS | CT15: =IF(CD15<1001,30000 * 3,50000*3) -> 90000
A16: 9 | B16: SONYINDO COMMUNITY. HIGH SCHOOL JUNIOR, SAGAMU. | D16: SAGAMU | H16: 1 | I16: 3 | K16: 74 | M16: 66 | O16: 140 | Q16: 3 | R16: 80 | U16: 58 | W16: 138 | Y16: 3 | AA16: 50 | AC16: 56 | AE16: 106 | AG16: 9 | AI16: 204 | AK16: 180 | AM16: 384 | AP16: 0 | AR16: 0 | AT16: 0 | AV16: 0 | AX16: 0 | AZ16: 0 | BA16: 0 | BB16: 0 | BD16: 0 | BF16: 0 | BI16: 0 | BK16: 0 | BM16: 0 | BP16: 0 | BR16: 0 | BT16: 0 | BV16: 9 | BY16: 204 | CA16: 180 | CD16: 384 | CG16: 9 | CJ16: 17 | CM16: 26 | CO16: SUCCESS | CT16: =IF(CD16<1001,30000 * 3,50000*3) -> 90000
A17: 10 | B17: BATORO COMMUNITY HIGH SCHOOL SENIOR SAGAMU. | D17: SAGAMU | H17: 3 | I17: 0 | K17: 0 | M17: 0 | O17: 0 | Q17: 0 | R17: 0 | U17: 0 | W17: 0 | Y17: 0 | AA17: 0 | AC17: 0 | AE17: 0 | AG17: 0 | AI17: 0 | AK17: 0 | AM17: 0 | AP17: 6 | AR17: 111 | AT17: 104 | AV17: 215 | AX17: 3 | AZ17: 82 | BA17: 109 | BB17: 191 | BD17: 3 | BF17: 36 | BI17: 58 | BK17: 94 | BM17: 12 | BP17: 229 | BR17: 271 | BT17: 500 | BV17: 12 | BY17: 229 | CA17: 271 | CD17: 500 | CG17: 10 | CJ17: 20 | CM17: 30 | CO17: SUCCESS | CT17: =IF(CD17<1001,30000 * 3,50000*3) -> 90000
A18: 11 | B18: MAKUN HIGH SCHOOL SENIOR, SAGAMU. | D18: SAGAMU | H18: 12 | I18: 0 | K18: 0 | M18: 0 | O18: 0 | Q18: 0 | R18: 0 | U18: 0 | W18: 0 | Y18: 0 | AA18: 0 | AC18: 0 | AE18: 0 | AG18: 0 | AI18: 0 | AK18: 0 | AM18: 0 | AP18: 7 | AR18: 261 | AT18: 254 | AV18: 515 | AX18: 6 | AZ18: 217 | BA18: 206 | BB18: 423 | BD18: 6 | BF18: 139 | BI18: 164 | BK18: 303 | BM18: 19 | BP18: 617 | BR18: 624 | BT18: 1241 | BV18: 19 | BY18: 617 | CA18: 624 | CD18: 1241 | CG18: 15 | CJ18: 18 | CM18: 33 | CO18: SUCCESS | CT18: =IF(CD18<1001,30000 * 3,50000*3) -> 150000
A19: 12 | B19: METHODIST COMPREHENSIVE COLLEGE SENIOR, SAGAMU | D19: SAGAMU | H19: 6 | I19: 0 | K19: 0 | M19: 0 | O19: 0 | Q19: 0 | R19: 0 | U19: 0 | W19: 0 | Y19: 0 | AA19: 0 | AC19: 0 | AE19: 0 | AG19: 0 | AI19: 0 | AK19: 0 | AM19: 0 | AP19: 9 | AR19: 378 | AT19: 368 | AV19: 746 | AX19: 6 | AZ19: 186 | BA19: 207 | BB19: 393 | BD19: 6 | BF19: 198 | BI19: 220 | BK19: 418 | BM19: 21 | BP19: 762 | BR19: 795 | BT19: 1557 | BV19: 21 | BY19: 762 | CA19: 795 | CD19: 1557 | CG19: 10 | CJ19: 26 | CM19: 36 | CO19: SUCCESS | CT19: =IF(CD19<1001,30000 * 3,50000*3) -> 150000
... A34: 27 | B34: ST. JOHN'S ANG. GRAM SCHL, ODE- LEMO. | D34: SAGAMU | H34: 9 | I34: 1 | K34: 12 | M34: 14 | O34: 26 | Q34: 1 | R34: 20 | U34: 15 | W34: 35 | Y34: 1 | AA34: 20 | AC34: 29 | AE34: 49 | AG34: 3 | AI34: 52 | AK34: 58 | AM34: 110 | AP34: 1 | AR34: 12 | AT34: 22 | AV34: 34 | AX34: 1 | AZ34: 22 | BA34: 11 | BB34: 33 | BD34: 1 | BF34: 17 | BI34: 16 | BK34: 33 | BM34: 3 | BP34: 51 | BR34: 49 | BT34: 100 | BV34: 6 | BY34: 103 | CA34: 107 | CD34: 210 | CG34: 9 | CJ34: 8 | CM34: 17 | CO34: SUCCESS | CT34: =IF(CD34<1001,30000 * 3,50000*3) -> 90000
B35: TOTAL | I35: 92 | K35: 2903 | M35: 2841 | O35: 5744 | Q35: 93 | R35: 2932 | U35: 2819 | W35: 5751 | Y35: 91 | AA35: 2593 | AC35: 2575 | AE35: 5168 | AG35: 276 | AI35: 8428 | AK35: 8235 | AM35: 16663 | AP35: 83 | AR35: 2698 | AT35: 2738 | AV35: 5436 | AX35: 71 | AZ35: 1976 | BA35: 2097 | BB35: 4073 | BD35: 61 | BF35: 1325 | BI35: 1506 | BK35: 2831 | BM35: 215 | BP35: 5999 | BR35: 6341 | BT35: 12340 | BV35: 491 | BY35: 14427 | CA35: 14576 | CD35: 29003 | CG35: 300 | CJ35: 628 | CM35: 928 | CO35: 27 | CT35: =SUM(CT8:CT34) -> 3210000
C36: AMOUNT DUE FOR ZEO @ ₦20 per candidate = | CT36: =CD35*20 -> 580060
A37: TOTAL RUNNING COST REQUIRED FOR SAGAMU | CT37: =CT36+CT35 -> 3790060
B38: =COUNTA(B8:C34)-COUNTIF(B8:C34,"GOVERNMENT SCIENCE") -> 27 | C38: =COUNTIF(B26:D56,"GOVERNMENT SCIENCE") -> 0 | BZ38: =COUNTIF(CD8:CF34, "<1000") -> 14 | CA38: =COUNTIF(CD8:CF34, ">1000") -> 13

Sheet OGUN WATERSIDE new
A1: MINISTRY OF EDUCATION, SCIENCE AND TECHNOLOGY, ABEOKUTA
A2: DEPARTMENT OF SECONDARY EDUCATION
A3: ZONE: OGUN WATERSIDE, ABIGI
A6: S/N | B6: SCHOOL NAME
BB8: TRADE/ENTREPRENEURSHIP AND TECHNOLOGY SUBJECTS
B9: JUNIOR SCHOOL
A10: 1 | B10: AHMADIYYA COMPREHENSIVE HIGH SCHOOL,ONI
A11: 2 | B11: COMMUNITY HIGH SCHOOL,IBIADE | BB11: Animal Husbandry
A12: 3 | B12: ILUSIN GRAMMAR SCHOOL ILUSIN | BB12: Auto Body Repair and Spray Painting
A13: 4 | B13: ST. KIZITO'S HIGH SCHOOL, IWOPIN. | BB13: Auto Electrical Work
A14: 5 | B14: IBIADE COMPREHENSIVE HIGH SCHOOL | BB14: Auto Mechanical Work
A15: 6 | B15: AYILA HIGH SCHOOL, AYILA | BB15: Auto Parts Merchandising
B16: TOTAL
B17: COMBINED SCHOOL
A18: 7 | B18: ABIGI COMMUNITY GRAMMAR SCHOOL | BB18: Block Laying, Brick Laying and Concrete Work
A19: 8 | B19: AYEDE COMP. HIGH SCHOOL, AYEDE | BB19: Book Keeping
A20: 9 | B20: EFIRE COMMUNITY HIGH SCHOOL,EFIRE | BB20: Carpentry and Joinery
A21: 10 | B21: IBU COMMUNITY GRAMMAR SCHOOL, IBU | BB21: Catering Craft Practice
A22: 11 | B22: ITEBU MANUWA COMPREHENSIVE HIGH SCHOOL,ITEBU MANUWA | BB22: Clothing and Textile
A23: 12 | B23: LOMIRO HIGH SCHOOL, LOMIRO | BB23: Cosmetology
A24: 13 | B24: MAKUN OMI COMPREHENSIVE HIGH SCHOOL,MAKUN OMI | BB24: Data Processing
A25: 14 | B25: ODE OMI COMMUNITY GRAMMAR SCH, ODE OMI. OGUN WATERSIDE | BB25: Dyeing and Bleaching
B26: TOTAL
B27: SENIOR SCHOOL
A28: 15 | B28: AHMADIYYA COMPREHENSIVE HIGH SCHOOL,ONI | BB28: Electrical Installation and Maintenance Work
A29: 16 | B29: COMMUNITY HIGH SCHOOL,IBIADE | BB29: Fishery
A30: 17 | B30: ILUSIN GRAMMAR SCHOOL ILUSIN | BB30: Furniture Making
A31: 18 | B31: ST. KIZITO'S HIGH SCHOOL, IWOPIN. | BB31: Garment Making
A32: 19 | B32: IBIADE COMPREHENSIVE HIGH SCHOOL | BB32: GSM Maintenance and Repairs
A33: 20 | B33: AYILA HIGH SCHOOL, AYILA | BB33: Leather Goods Manufacturing and Repair
B34: TOTAL | BB34: Machine Woodworking
B35: GRAND TOTAL | BB35: Marketing
A36: =COUNTA(A10:A33) -> 20 | BB36: Mining
BB37: Painting and Decorating
BB38: Photography
BB39: Plumbing and Pipefitting
BB40: Printing Craft Practice
BB41: Radio, TV and Electronic Servicing
BB42: Salesmanship
BB43: Stenography
BB44: Store Keeping
BB45: Tourism
BB46: Upholstery
BB47: Welding and Fabrication Engineering Craft Practice

Sheet OGUN WATERSIDE
A1: MINISTRY OF EDUCATION SCIENCE AND TECHNOLOGY
A2: DEPARTMENT OF SECONDARY RUNNING COST ANALYSIS BY ZONES
A3: RUNNING COST ANALYSIS
A4: OGUN WATERSIDE
A5: S/N | B5: NAME OF SCHOOLS ( IN FULL AND UPPER CASE) | F5: L.G/LCDA | I5: WARD | K5: J S S 1 | S5: J S S 2 | AC5: J S S 3 | AK5: SUB TOTAL J S S 1 - J S S 3 | AV5: S S S 1 | BC5: S S S 2 | BM5: S S S 3 | BU5: SUB TOTAL S S S 1 - S S S 3 | CP5: NUMBER OF TEACHERS | CW5: STATUS | DD5: RUNNING COST @ ₦30,000 FOR LEARNERS < 1000 PER MONTH FOR 3 MONTHS & @ ₦50,000 FOR LEARNERS > 1000 PER MONTH FOR 3 MONTHS
K6: ARM | M6: M | O6: F | Q6: T | S6: ARM | U6: M | X6: F | AA6: T | AC6: ARM | AE6: M | AG6: F | AI6: T | AK6: ARM | AM6: M | AO6: F | AS6: T | AV6: ARM | AX6: M | AZ6: F | BA6: T | BC6: ARM | BE6: M | BG6: F | BI6: T | BM6: ARM | BP6: M | BR6: F | BT6: T | BU6: ARM | BX6: M | BZ6: F | CB6: T | CE6: ARM | CH6: M | CK6: F | CN6: TOTAL | CP6: M | CS6: F | CV6: T
A7: 1 | B7: SAINT KIZITO'S HIGH SCHOOL JUNIOR, | F7: OGUN | I7: 1 | K7: 4 | M7: 142 | O7: 137 | Q7: 279 | S7: 4 | U7: 131 | X7: 119 | AA7: 250 | AC7: 4 | AE7: 120 | AG7: 101 | AI7: 221 | AK7: 12 | AM7: 393 | AO7: 357 | AS7: 750 | AV7: 0 | AX7: 0 | AZ7: 0 | BA7: 0 | BC7: 0 | BE7: 0 | BG7: 0 | BI7: 0 | BM7: 0 | BP7: 0 | BR7: 0 | BT7: 0 | BU7: 0 | BX7: 0 | BZ7: 0 | CB7: 0 | CE7: 12 | CH7: 393 | CK7: 357 | CN7: 750 | CP7: 4 | CS7: 5 | CV7: 9 | CW7: SUCCESS | DD7: =IF(CN7<1001,30000 * 3,50000*3) -> 90000
A8: 2 | B8: AHMADIYYAH COMPREHENSIVE HIGH | F8: OGUN | I8: 2 | K8: 2 | M8: 30 | O8: 33 | Q8: 63 | S8: 2 | U8: 28 | X8: 33 | AA8: 61 | AC8: 2 | AE8: 34 | AG8: 25 | AI8: 59 | AK8: 6 | AM8: 92 | AO8: 91 | AS8: 183 | AV8: 0 | AX8: 0 | AZ8: 0 | BA8: 0 | BC8: 0 | BE8: 0 | BG8: 0 | BI8: 0 | BM8: 0 | BP8: 0 | BR8: 0 | BT8: 0 | BU8: 0 | BX8: 0 | BZ8: 0 | CB8: 0 | CE8: 6 | CH8: 92 | CK8: 91 | CN8: 183 | CP8: 7 | CS8: 3 | CV8: 10 | CW8: SUCCESS | DD8: =IF(CN8<1001,30000 * 3,50000*3) -> 90000
A9: 3 | B9: IBIADE COMPREHENSIVE HIGH | F9: OGUN | I9: 3 | K9: 3 | M9: 87 | O9: 106 | Q9: 193 | S9: 3 | U9: 129 | X9: 117 | AA9: 246 | AC9: 3 | AE9: 100 | AG9: 98 | AI9: 198 | AK9: 9 | AM9: 316 | AO9: 321 | AS9: 637 | AV9: 0 | AX9: 0 | AZ9: 0 | BA9: 0 | BC9: 0 | BE9: 0 | BG9: 0 | BI9: 0 | BM9: 0 | BP9: 0 | BR9: 0 | BT9: 0 | BU9: 0 | BX9: 0 | BZ9: 0 | CB9: 0 | CE9: 9 | CH9: 316 | CK9: 321 | CN9: 637 | CP9: 10 | CS9: 1 | CV9: 11 | CW9: SUCCESS | DD9: =IF(CN9<1001,30000 * 3,50000*3) -> 90000
A10: 4 | B10: COMMUNITY HIGH SCHOOL JUNIOR, | F10: OGUN | I10: 3 | K10: 2 | M10: 47 | O10: 70 | Q10: 117 | S10: 2 | U10: 51 | X10: 52 | AA10: 103 | AC10: 2 | AE10: 44 | AG10: 42 | AI10: 86 | AK10: 6 | AM10: 142 | AO10: 164 | AS10: 306 | AV10: 0 | AX10: 0 | AZ10: 0 | BA10: 0 | BC10: 0 | BE10: 0 | BG10: 0 | BI10: 0 | BM10: 0 | BP10: 0 | BR10: 0 | BT10: 0 | BU10: 0 | BX10: 0 | BZ10: 0 | CB10: 0 | CE10: 6 | CH10: 142 | CK10: 164 | CN10: 306 | CP10: 6 | CS10: 2 | CV10: 8 | CW10: SUCCESS | DD10: =IF(CN10<1001,30000 * 3,50000*3) -> 90000
A11: 5 | B11: ILUSIN GRAMMAR SCHOOL JUNIOR, | F11: OGUN | I11: 4 | K11: 3 | M11: 84 | O11: 86 | Q11: 170 | S11: 3 | U11: 64 | X11: 61 | AA11: 125 | AC11: 3 | AE11: 42 | AG11: 56 | AI11: 98 | AK11: 9 | AM11: 190 | AO11: 203 | AS11: 393 | AV11: 0 | AX11: 0 | AZ11: 0 | BA11: 0 | BC11: 0 | BE11: 0 | BG11: 0 | BI11: 0 | BM11: 0 | BP11: 0 | BR11: 0 | BT11: 0 | BU11: 0 | BX11: 0 | BZ11: 0 | CB11: 0 | CE11: 9 | CH11: 190 | CK11: 203 | CN11: 393 | CP11: 8 | CS11: 1 | CV11: 9 | CW11: SUCCESS | DD11: =IF(CN11<1001,30000 * 3,50000*3) -> 90000
A12: 6 | B12: AYILA HIGH SCHOOL JUNIOR, AYILA | F12: OGUN | I12: 8 | K12: 3 | M12: 74 | O12: 51 | Q12: 125 | S12: 2 | U12: 41 | X12: 44 | AA12: 85 | AC12: 2 | AE12: 26 | AG12: 44 | AI12: 70 | AK12: 7 | AM12: 141 | AO12: 139 | AS12: 280 | AV12: 0 | AX12: 0 | AZ12: 0 | BA12: 0 | BC12: 0 | BE12: 0 | BG12: 0 | BI12: 0 | BM12: 0 | BP12: 0 | BR12: 0 | BT12: 0 | BU12: 0 | BX12: 0 | BZ12: 0 | CB12: 0 | CE12: 7 | CH12: 141 | CK12: 139 | CN12: 280 | CP12: 4 | CS12: 4 | CV12: 8 | CW12: SUCCESS | DD12: =IF(CN12<1001,30000 * 3,50000*3) -> 90000
A13: 7 | B13: SAINT KIZITO'S HIGH SCHOOL | F13: OGUN | I13: 1 | K13: 0 | M13: 0 | O13: 0 | Q13: 0 | S13: 0 | U13: 0 | X13: 0 | AA13: 0 | AC13: 0 | AE13: 0 | AG13: 0 | AI13: 0 | AK13: 0 | AM13: 0 | AO13: 0 | AS13: 0 | AV13: 4 | AX13: 121 | AZ13: 120 | BA13: 241 | BC13: 4 | BE13: 96 | BG13: 90 | BI13: 186 | BM13: 3 | BP13: 59 | BR13: 85 | BT13: 144 | BU13: 11 | BX13: 276 | BZ13: 295 | CB13: 571 | CE13: 11 | CH13: 276 | CK13: 295 | CN13: 571 | CP13: 10 | CS13: 1 | CV13: 11 | CW13: SUCCESS | DD13: =IF(CN13<1001,30000 * 3,50000*3) -> 90000
A14: 8 | B14: AHMADIYYAH COMPREHENSIVE HIGH | F14: OGUN | I14: 2 | K14: 0 | M14: 0 | O14: 0 | Q14: 0 | S14: 0 | U14: 0 | X14: 0 | AA14: 0 | AC14: 0 | AE14: 0 | AG14: 0 | AI14: 0 | AK14: 0 | AM14: 0 | AO14: 0 | AS14: 0 | AV14: 2 | AX14: 46 | AZ14: 28 | BA14: 74 | BC14: 1 | BE14: 21 | BG14: 19 | BI14: 40 | BM14: 1 | BP14: 28 | BR14: 22 | BT14: 50 | BU14: 4 | BX14: 95 | BZ14: 69 | CB14: 164 | CE14: 4 | CH14: 95 | CK14: 69 | CN14: 164 | CP14: 8 | CS14: 3 | CV14: 11 | CW14: SUCCESS | DD14: =IF(CN14<1001,30000 * 3,50000*3) -> 90000
A15: 9 | B15: IBIADE COMPREHENSIVE HIGH | F15: OGUN | I15: 3 | K15: 0 | M15: 0 | O15: 0 | Q15: 0 | S15: 0 | U15: 0 | X15: 0 | AA15: 0 | AC15: 0 | AE15: 0 | AG15: 0 | AI15: 0 | AK15: 0 | AM15: 0 | AO15: 0 | AS15: 0 | AV15: 3 | AX15: 116 | AZ15: 110 | BA15: 226 | BC15: 3 | BE15: 74 | BG15: 89 | BI15: 163 | BM15: 3 | BP15: 51 | BR15: 64 | BT15: 115 | BU15: 9 | BX15: 241 | BZ15: 263 | CB15: 504 | CE15: 9 | CH15: 241 | CK15: 263 | CN15: 504 | CP15: 10 | CS15: 3 | CV15: 13 | CW15: SUCCESS | DD15: =IF(CN15<1001,30000 * 3,50000*3) -> 90000
A16: 10 | B16: COMMUNITY HIGH SCHOOL SENIOR, | F16: OGUN | I16: 3 | K16: 0 | M16: 0 | O16: 0 | Q16: 0 | S16: 0 | U16: 0 | X16: 0 | AA16: 0 | AC16: 0 | AE16: 0 | AG16: 0 | AI16: 0 | AK16: 0 | AM16: 0 | AO16: 0 | AS16: 0 | AV16: 3 | AX16: 49 | AZ16: 53 | BA16: 102 | BC16: 3 | BE16: 49 | BG16: 44 | BI16: 93 | BM16: 3 | BP16: 33 | BR16: 36 | BT16: 69 | BU16: 9 | BX16: 131 | BZ16: 133 | CB16: 264 | CE16: 9 | CH16: 131 | CK16: 133 | CN16: 264 | CP16: 8 | CS16: 4 | CV16: 12 | CW16: SUCCESS | DD16: =IF(CN16<1001,30000 * 3,50000*3) -> 90000
A17: 11 | B17: ILUSIN GRAMMAR SCHOOL SENIOR, | F17: OGUN | I17: 4 | K17: 0 | M17: 0 | O17: 0 | Q17: 0 | S17: 0 | U17: 0 | X17: 0 | AA17: 0 | AC17: 0 | AE17: 0 | AG17: 0 | AI17: 0 | AK17: 0 | AM17: 0 | AO17: 0 | AS17: 0 | AV17: 3 | AX17: 60 | AZ17: 60 | BA17: 120 | BC17: 3 | BE17: 62 | BG17: 44 | BI17: 106 | BM17: 3 | BP17: 51 | BR17: 52 | BT17: 103 | BU17: 9 | BX17: 173 | BZ17: 156 | CB17: 329 | CE17: 9 | CH17: 173 | CK17: 156 | CN17: 329 | CP17: 13 | CS17: 3 | CV17: 16 | CW17: SUCCESS | DD17: =IF(CN17<1001,30000 * 3,50000*3) -> 90000
A18: 12 | B18: AYILA HIGH SCHOOL SENIOR, AYILA | F18: OGUN | I18: 8 | K18: 0 | M18: 0 | O18: 0 | Q18: 0 | S18: 0 | U18: 0 | X18: 0 | AA18: 0 | AC18: 0 | AE18: 0 | AG18: 0 | AI18: 0 | AK18: 0 | AM18: 0 | AO18: 0 | AS18: 0 | AV18: 2 | AX18: 37 | AZ18: 43 | BA18: 80 | BC18: 2 | BE18: 31 | BG18: 34 | BI18: 65 | BM18: 2 | BP18: 32 | BR18: 33 | BT18: 65 | BU18: 6 | BX18: 100 | BZ18: 110 | CB18: 210 | CE18: 6 | CH18: 100 | CK18: 110 | CN18: 210 | CP18: 8 | CS18: 2 | CV18: 10 | CW18: SUCCESS | DD18: =IF(CN18<1001,30000 * 3,50000*3) -> 90000
... A25: 19 | B25: ABIGI COMMUNITY GRAMMAR | F25: OGUN | I25: 5 | K25: 2 | M25: 41 | O25: 45 | Q25: 86 | S25: 2 | U25: 48 | X25: 41 | AA25: 89 | AC25: 2 | AE25: 34 | AG25: 41 | AI25: 75 | AK25: 6 | AM25: 123 | AO25: 127 | AS25: 250 | AV25: 2 | AX25: 34 | AZ25: 46 | BA25: 80 | BC25: 2 | BE25: 39 | BG25: 25 | BI25: 64 | BM25: 2 | BP25: 32 | BR25: 32 | BT25: 64 | BU25: 6 | BX25: 105 | BZ25: 103 | CB25: 208 | CE25: 12 | CH25: 228 | CK25: 230 | CN25: 458 | CP25: 14 | CS25: 1 | CV25: 15 | CW25: SUCCESS | DD25: =IF(CN25<1001,30000 * 3,50000*3) -> 90000
A26: 20 | DD26: =IF(CN26<1001,30000 * 3,50000*3) -> 90000
A27: 21 | DD27: =IF(CN27<1001,30000 * 3,50000*3) -> 90000
A28: 22 | DD28: =IF(CN28<1001,30000 * 3,50000*3) -> 90000
A29: 23 | DD29: =IF(CN29<1001,30000 * 3,50000*3) -> 90000
A30: 24 | DD30: =IF(CN30<1001,30000 * 3,50000*3) -> 90000
A31: 25 | DD31: =IF(CN31<1001,30000 * 3,50000*3) -> 90000
A32: 26 | DD32: =IF(CN32<1001,30000 * 3,50000*3) -> 90000
A33: 27 | DD33: =IF(CN33<1001,30000 * 3,50000*3) -> 90000
A34: 28 | DD34: =IF(CN34<1001,30000 * 3,50000*3) -> 90000
A35: 29 | DD35: =IF(CN35<1001,30000 * 3,50000*3) -> 90000
A36: 30 | DD36: =IF(CN36<1001,30000 * 3,50000*3) -> 90000
A37: 31 | DD37: =IF(CN37<1001,30000 * 3,50000*3) -> 90000
... A54: 48 | DD54: =IF(CN54<1001,30000 * 3,50000*3) -> 90000
B55: TOTAL | K55: 27 | M55: 664 | O55: 679 | Q55: 1343 | S55: 26 | U55: 647 | X55: 634 | AA55: 1281 | AC55: 26 | AE55: 561 | AG55: 530 | AI55: 1091 | AK55: 79 | AM55: 1872 | AO55: 1843 | AS55: 3715 | AV55: 27 | AX55: 618 | AZ55: 599 | BA55: 1217 | BC55: 26 | BE55: 516 | BG55: 483 | BI55: 999 | BM55: 25 | BP55: 422 | BR55: 436 | BT55: 858 | BU55: 78 | BX55: 1556 | BZ55: 1518 | CB55: 3074 | CE55: 157 | CH55: 3428 | CK55: 3361 | CN55: 6789 | CP55: 168 | CS55: 43 | CV55: 211 | CW55: 19 | DD55: =SUM(DD7:DD25) -> 1710000
A56: AMOUNT DUE FOR ZEO @ ₦20 per candidate = | DD56: =CN55*20 -> 135780
A57: TOTAL RUNNING COST REQUIRED FOR OGUN WATERSIDE | DD57: =DD56+DD55 -> 1845780
CK58: =COUNTIF(CN7:CO25, "<1000") -> 19 | CL58: =COUNTIF(CN7:CO25, ">1000") -> 0
B60: =COUNTA(B7:E25)-COUNTIF(B30:F55,"GOVERNMENT SCIENCE") -> 19 | C60: =COUNTIF(B7:E25,"GOVERNMENT SCIENCE") -> 0

Sheet OBAFEMI NEW
A1: MINISTRY OF EDUCATION SCIENCE AND TECNOLOGY, ABEOKUTA
A2: DEPARTMENT OF SECONDARY EDUCATION
A3: OBAFEMI OWODE
A4: S/N | B4: NAME OF SCHOOL
B6: JUNIOR SECONDARY SCHOOL
A7: 1 | B7: COMMUNITY HIGH SCHOOL (JUNIOR), IBAFO
A8: 2 | B8: OGUNMAKIN HIGH SCHOOL (JUNIOR), SOWUNMI
A9: 3 | B9: OWODE HIGH SCHOOL (JUNIOR), OWODE EGBA
A10: 4 | B10: AJEBO COMMUNITY HIGH SCHOOL (JUNIOR), AJEBO
A11: 5 | B11: EGBA OWODE GRAMMAR SCHOOL (JUNIOR), OWODE
A12: 6 | B12: EGBA OBAFEMI COMMUNITY HIGH SCHOOL (JUNIOR), OBAFEMI
A13: 7 | B13: OFADA COMMUNITY HIGH SCHOOL (JUNIOR), OFADA
B14: SENIOR SECONDARY SCHOOL
A15: 8 | B15: COMMUNITY HIGH SCHOOL (SENIOR), IBAFO
A16: 9 | B16: OGUNMAKIN HIGH SCHOOL (SENIOR), SOWUNMI
A17: 10 | B17: OWODE HIGH SCHOOL (SENIOR), OWODE EGBA
A18: 11 | B18: AJEBO COMMUNITY HIGH SCHOOL (SENIOR), AJEBO
A19: 12 | B19: EGBA OWODE GRAMMAR SCHOOL (SENIOR), OWODE
A20: 13 | B20: EGBA OBAFEMI COMMUNITY HIGH SCHOOL (SENIOR), OBAFEMI
A21: 14 | B21: OFADA COMMUNITY HIGH SCHOOL (SENIOR), OFADA
B22: COMBINED SECONDARY SCHOOL
A23: 15 | B23: KOBAPE COMMUNITY HIGH SCHOOL (COMBINED), KOBAPE
A24: 16 | B24: OBA COMMUNITY HIGH SCHOOL (COMBINED), OBA
A25: 17 | B25: ORILE IGBORE GRAMMAR SCHOOL (COMBINED), AJURA
A26: 18 | B26: ADESANOLU COMMUNITY HIGH SCHOOL (COMBINED), MOWE
A27: 19 | B27: OLORUNKOLE GRAMMAR SCHOOL (COMBINED), KAJOLA
A28: 20 | B28: COMMUNITY HIGH SCHOOL (COMBINED), IRO
A29: 21 | B29: ALAPAKO-ONI COMMUNITY HIGH SCHOOL (COMBINED), ALAPAKO-ONI
A30: 22 | B30: MAGBORO COMMUNITY HIGH SCHOOL (COMBINED), MAGBORO
A31: 23 | B31: COMMUNITY HIGH SCHOOL, ABAREN
B33: =COUNTA(A7:A31) -> 23

Sheet Obafemi Owode
A1: MINISTRY OF EDUCATION SCIENCE AND TECHNOLOGY
A2: DEPARTMENT OF SECONDARY RUNNING COST ANALYSIS BY ZONES
A3: RUNNING COST ANALYSIS
A4: OBAFEMI OWODE
A5: S/N | B5: NAME OF SCHOOLS ( IN FULL AND UPPER CASE) | H5: L.G/LCDA | L5: WARD | N5: J S S 1 | W5: J S S 2 | AG5: J S S 3 | AO5: SUB TOTAL J S S 1 - J S S 3 | BA5: S S S 1 | BI5: S S S 2 | BT5: S S S 3 | CB5: SUB TOTAL S S S 1 - S S S 3 | CZ5: NUMBER OF TEACHERS | DF5: STATUS | DG5: RUNNING COST @ ₦30,000 FOR LEARNERS < 1000 PER MONTH FOR 3 MONTHS & @ ₦50,000 FOR LEARNERS > 1000 PER MONTH FOR 3 MONTHS
N6: ARM | P6: M | R6: F | T6: T | W6: ARM | Y6: M | AB6: F | AE6: T | AG6: ARM | AI6: M | AK6: F | AM6: T | AO6: ARM | AR6: M | AU6: F | AX6: T | BA6: ARM | BB6: M | BD6: F | BF6: T | BI6: ARM | BK6: M | BM6: F | BQ6: T | BT6: ARM | BU6: M | BX6: F | BZ6: T | CB6: ARM | CE6: M | CH6: F | CK6: T | CO6: ARM | CR6: M | CV6: F | CX6: T | CZ6: M | DC6: F | DE6: T
A7: 1 | B7: COMMUNITY HIGH SCHOOL (JUNIOR), IBAFO | H7: OBAFEMI- OWODE | L7: OFA DA II | N7: 7 | P7: 281 | R7: 299 | T7: 580 | W7: 8 | Y7: 324 | AB7: 341 | AE7: 665 | AG7: 8 | AI7: 313 | AK7: 292 | AM7: 605 | AO7: 23 | AR7: 918 | AU7: 932 | AX7: 1850 | BA7: 0 | BB7: 0 | BD7: 0 | BF7: 0 | BI7: 0 | BK7: 0 | BM7: 0 | BQ7: 0 | BT7: 0 | BU7: 0 | BX7: 0 | BZ7: 0 | CB7: 0 | CE7: 0 | CH7: 0 | CK7: 0 | CO7: 23 | CX7: =CR7+CV7 -> 0 | CZ7: 10 | DC7: 16 | DE7: 26 | DF7: SUCCESS | DG7: =IF(CX7=0,0,IF(CX7<1001,30000 * 3,IF(CX7="","",50000*3))) -> 0
A8: 2 | B8: OGUNMAKIN HIGH SCHOOL (JUNIOR), SOWUNMI | H8: OBAFEMI- OWODE | L8: WAR D 2 | N8: 2 | P8: 63 | R8: 47 | T8: 110 | W8: 2 | Y8: 61 | AB8: 56 | AE8: 117 | AG8: 2 | AI8: 51 | AK8: 43 | AM8: 94 | AO8: 6 | AR8: 175 | AU8: 146 | AX8: 321 | BA8: 0 | BB8: 0 | BD8: 0 | BF8: 0 | BI8: 0 | BK8: 0 | BM8: 0 | BQ8: 0 | BT8: 0 | BU8: 0 | BX8: 0 | BZ8: 0 | CB8: 0 | CE8: 0 | CH8: 0 | CK8: 0 | CO8: 6 | CX8: =CR8+CV8 -> 0 | CZ8: 5 | DC8: 11 | DE8: 16 | DF8: SUCCESS | DG8: =IF(CX8=0,0,IF(CX8<1001,30000 * 3,IF(CX8="","",50000*3))) -> 0
A9: 3 | B9: OWODE HIGH SCHOOL (JUNIOR), OWODE EGBA | H9: OBAFEMI- OWODE | L9: WAR D 3 | N9: 3 | P9: 202 | R9: 154 | T9: 356 | W9: 3 | Y9: 239 | AB9: 194 | AE9: 433 | AG9: 3 | AI9: 163 | AK9: 158 | AM9: 321 | AO9: 9 | AR9: 604 | AU9: 506 | AX9: 1110 | BA9: 0 | BB9: 0 | BD9: 0 | BF9: 0 | BI9: 0 | BK9: 0 | BM9: 0 | BQ9: 0 | BT9: 0 | BU9: 0 | BX9: 0 | BZ9: 0 | CB9: 0 | CE9: 0 | CH9: 0 | CK9: 0 | CO9: 9 | CX9: =CR9+CV9 -> 0 | CZ9: 7 | DC9: 5 | DE9: 12 | DF9: SUCCESS | DG9: =IF(CX9=0,0,IF(CX9<1001,30000 * 3,IF(CX9="","",50000*3))) -> 0
A10: 4 | B10: AJEBO COMMUNITY HIGH SCHOOL (JUNIOR), AJEBO | H10: OBAFEMI- OWODE | L10: AJE BO | N10: 2 | P10: 80 | R10: 67 | T10: 147 | W10: 2 | Y10: 58 | AB10: 39 | AE10: 97 | AG10: 2 | AI10: 56 | AK10: 50 | AM10: 106 | AO10: 6 | AR10: 194 | AU10: 156 | AX10: 350 | BA10: 0 | BB10: 0 | BD10: 0 | BF10: 0 | BI10: 0 | BK10: 0 | BM10: 0 | BQ10: 0 | BT10: 0 | BU10: 0 | BX10: 0 | BZ10: 0 | CB10: 0 | CE10: 0 | CH10: 0 | CK10: 0 | CO10: 6 | CX10: =CR10+CV10 -> 0 | CZ10: 3 | DC10: 7 | DE10: 10 | DF10: SUCCESS | DG10: =IF(CX10=0,0,IF(CX10<1001,30000 * 3,IF(CX10="","",50000*3))) -> 0
A11: 5 | B11: EGBA OWODE GRAMMAR SCHOOL (JUNIOR), OWODE | H11: OBAFEMI- OWODE | L11: WAR D 3 | N11: 4 | P11: 97 | R11: 91 | T11: 188 | W11: 4 | Y11: 94 | AB11: 99 | AE11: 193 | AG11: 4 | AI11: 100 | AK11: 76 | AM11: 176 | AO11: 12 | AR11: 291 | AU11: 266 | AX11: 557 | BA11: 0 | BB11: 0 | BD11: 0 | BF11: 0 | BI11: 0 | BK11: 0 | BM11: 0 | BQ11: 0 | BT11: 0 | BU11: 0 | BX11: 0 | BZ11: 0 | CB11: 0 | CE11: 0 | CH11: 0 | CK11: 0 | CO11: 12 | CX11: =CR11+CV11 -> 0 | CZ11: 6 | DC11: 10 | DE11: 16 | DF11: SUCCESS | DG11: =IF(CX11=0,0,IF(CX11<1001,30000 * 3,IF(CX11="","",50000*3))) -> 0
A12: 6 | B12: EGBA OBAFEMI COMMUNITY HIGH SCHOOL (JUNIOR), OBAFEMI | H12: OBAFEMI- OWODE | L12: WAR D 2 | N12: 2 | P12: 56 | R12: 57 | T12: 113 | W12: 2 | Y12: 44 | AB12: 53 | AE12: 97 | AG12: 2 | AI12: 48 | AK12: 39 | AM12: 87 | AO12: 6 | AR12: 148 | AU12: 149 | AX12: 297 | BA12: 0 | BB12: 0 | BD12: 0 | BF12: 0 | BI12: 0 | BK12: 0 | BM12: 0 | BQ12: 0 | BT12: 0 | BU12: 0 | BX12: 0 | BZ12: 0 | CB12: 0 | CE12: 0 | CH12: 0 | CK12: 0 | CO12: 6 | CX12: =CR12+CV12 -> 0 | CZ12: 4 | DC12: 2 | DE12: 6 | DF12: SUCCESS | DG12: =IF(CX12=0,0,IF(CX12<1001,30000 * 3,IF(CX12="","",50000*3))) -> 0
A13: 7 | B13: OFADA COMMUNITY HIGH SCHOOL (JUNIOR), OFADA | H13: OBAFEMI- OWODE | L13: WAR D 4 | N13: 3 | P13: 241 | R13: 259 | T13: 500 | W13: 3 | Y13: 219 | AB13: 217 | AE13: 436 | AG13: 3 | AI13: 155 | AK13: 174 | AM13: 329 | AO13: 9 | AR13: 615 | AU13: 650 | AX13: 1265 | BA13: 0 | BB13: 0 | BD13: 0 | BF13: 0 | BI13: 0 | BK13: 0 | BM13: 0 | BQ13: 0 | BT13: 0 | BU13: 0 | BX13: 0 | BZ13: 0 | CB13: 0 | CE13: 0 | CH13: 0 | CK13: 0 | CO13: 9 | CX13: =CR13+CV13 -> 0 | CZ13: 4 | DC13: 11 | DE13: 15 | DF13: SUCCESS | DG13: =IF(CX13=0,0,IF(CX13<1001,30000 * 3,IF(CX13="","",50000*3))) -> 0
A14: 8 | B14: COMMUNITY HIGH SCHOOL (SENIOR), IBAFO | H14: OBAFEMI- OWODE | L14: WAR D 4 | N14: 0 | P14: 0 | R14: 0 | T14: 0 | W14: 0 | Y14: 0 | AB14: 0 | AE14: 0 | AG14: 0 | AI14: 0 | AK14: 0 | AM14: 0 | AO14: 0 | AR14: 0 | AU14: 0 | AX14: 0 | BA14: 6 | BB14: 312 | BD14: 345 | BF14: 657 | BI14: 6 | BK14: 300 | BM14: 339 | BQ14: 639 | BT14: 6 | BU14: 207 | BX14: 235 | BZ14: 442 | CB14: 18 | CE14: 819 | CH14: 919 | CK14: 1738 | CO14: 18 | CX14: =CR14+CV14 -> 0 | CZ14: 10 | DC14: 14 | DE14: 24 | DF14: SUCCESS | DG14: =IF(CX14=0,0,IF(CX14<1001,30000 * 3,IF(CX14="","",50000*3))) -> 0
A15: 9 | B15: OGUNMAKIN HIGH SCHOOL (SENIOR), SOWUNMI | H15: OBAFEMI- OWODE | L15: ALA PAK O II | N15: 0 | P15: 0 | R15: 0 | T15: 0 | W15: 0 | Y15: 0 | AB15: 0 | AE15: 0 | AG15: 0 | AI15: 0 | AK15: 0 | AM15: 0 | AO15: 0 | AR15: 0 | AU15: 0 | AX15: 0 | BA15: 3 | BB15: 42 | BD15: 36 | BF15: 78 | BI15: 3 | BK15: 41 | BM15: 28 | BQ15: 69 | BT15: 3 | BU15: 31 | BX15: 20 | BZ15: 51 | CB15: 9 | CE15: 114 | CH15: 84 | CK15: 198 | CO15: 9 | CX15: =CR15+CV15 -> 0 | CZ15: 6 | DC15: 14 | DE15: 20 | DF15: SUCCESS | DG15: =IF(CX15=0,0,IF(CX15<1001,30000 * 3,IF(CX15="","",50000*3))) -> 0
A16: 10 | B16: OWODE HIGH SCHOOL (SENIOR), OWODE EGBA | H16: OBAFEMI- OWODE | L16: WAR D 3 | N16: 0 | P16: 0 | R16: 0 | T16: 0 | W16: 0 | Y16: 0 | AB16: 0 | AE16: 0 | AG16: 0 | AI16: 0 | AK16: 0 | AM16: 0 | AO16: 0 | AR16: 0 | AU16: 0 | AX16: 0 | BA16: 3 | BB16: 127 | BD16: 114 | BF16: 241 | BI16: 3 | BK16: 85 | BM16: 115 | BQ16: 200 | BT16: 3 | BU16: 62 | BX16: 53 | BZ16: 115 | CB16: 9 | CE16: 274 | CH16: 282 | CK16: 556 | CO16: 9 | CX16: =CR16+CV16 -> 0 | CZ16: 9 | DC16: 8 | DE16: 17 | DF16: SUCCESS | DG16: =IF(CX16=0,0,IF(CX16<1001,30000 * 3,IF(CX16="","",50000*3))) -> 0
A17: 11 | B17: AJEBO COMMUNITY HIGH SCHOOL (SENIOR), AJEBO | H17: OBAFEMI- OWODE | L17: AJE BO | N17: 0 | P17: 0 | R17: 0 | T17: 0 | W17: 0 | Y17: 0 | AB17: 0 | AE17: 0 | AG17: 0 | AI17: 0 | AK17: 0 | AM17: 0 | AO17: 0 | AR17: 0 | AU17: 0 | AX17: 0 | BA17: 2 | BB17: 59 | BD17: 43 | BF17: 102 | BI17: 2 | BK17: 50 | BM17: 23 | BQ17: 73 | BT17: 2 | BU17: 40 | BX17: 32 | BZ17: 72 | CB17: 6 | CE17: 149 | CH17: 98 | CK17: 247 | CO17: 6 | CX17: =CR17+CV17 -> 0 | CZ17: 5 | DC17: 4 | DE17: 9 | DF17: SUCCESS | DG17: =IF(CX17=0,0,IF(CX17<1001,30000 * 3,IF(CX17="","",50000*3))) -> 0
A18: 12 | B18: EGBA OWODE GRAMMAR SCHOOL (SENIOR), OWODE | H18: OBAFEMI- OWODE | L18: WAR D 3 | N18: 0 | P18: 0 | R18: 0 | T18: 0 | W18: 0 | Y18: 0 | AB18: 0 | AE18: 0 | AG18: 0 | AI18: 0 | AK18: 0 | AM18: 0 | AO18: 0 | AR18: 0 | AU18: 0 | AX18: 0 | BA18: 4 | BB18: 107 | BD18: 107 | BF18: 214 | BI18: 4 | BK18: 127 | BM18: 104 | BQ18: 231 | BT18: 4 | BU18: 116 | BX18: 90 | BZ18: 206 | CB18: 12 | CE18: 350 | CH18: 301 | CK18: 651 | CO18: 12 | CX18: =CR18+CV18 -> 0 | CZ18: 11 | DC18: 8 | DE18: 19 | DF18: SUCCESS | DG18: =IF(CX18=0,0,IF(CX18<1001,30000 * 3,IF(CX18="","",50000*3))) -> 0
... A28: 22 | B28: MAGBORO COMMUNITY HIGH SCHOOL (COMBINED), MAGBORO | H28: OBAFEMI- OWODE | L28: MAG BOR O | N28: 3 | P28: 168 | R28: 163 | T28: 331 | W28: 4 | Y28: 203 | AB28: 203 | AE28: 406 | AG28: 4 | AI28: 103 | AK28: 135 | AM28: 238 | AO28: 11 | AR28: 474 | AU28: 501 | AX28: 975 | BA28: 4 | BB28: 172 | BD28: 166 | BF28: 338 | BI28: 3 | BK28: 108 | BM28: 157 | BQ28: 265 | BT28: 3 | BU28: 60 | BX28: 65 | BZ28: 125 | CB28: 10 | CE28: 340 | CH28: 388 | CK28: 728 | CO28: 21 | CX28: =CR28+CV28 -> 0 | CZ28: 12 | DC28: 24 | DE28: 36 | DF28: SUCCESS | DG28: =IF(CX28=0,0,IF(CX28<1001,30000 * 3,IF(CX28="","",50000*3))) -> 0
B29: TOTAL | N29: 44 | P29: 1643 | R29: 1735 | T29: 3378 | W29: 45 | Y29: 1770 | AB29: 1759 | AE29: 3529 | AG29: 40 | AI29: 1442 | AK29: 1469 | AM29: 2911 | AO29: 129 | AR29: 4855 | AU29: 4963 | AX29: 9818 | BA29: 39 | BB29: 1447 | BD29: 1414 | BF29: 2861 | BI29: 37 | BK29: 1205 | BM29: 1287 | BQ29: 2492 | BT29: 36 | BU29: 986 | BX29: 951 | BZ29: 1937 | CB29: 112 | CE29: 3638 | CH29: 3652 | CK29: 7290 | CO29: 241 | CZ29: 169 | DC29: 219 | DE29: 388 | DF29: 22 | DG29: =SUM(DG7:DG28) -> 0
CO30: AMOUNT DUE FOR ZEO @ ₦20 per candidate = | DG30: =CX29*20 -> 0
G31: TOTAL RUNNING COST REQUIRED FOR OBAFEMI OWODE | DG31: =DG30+DG29 -> 0
CR33: =COUNTIF(CX7:CY28, "<1000") -> 22 | CS33: =COUNTIF(CX7:CY28, ">1000") -> 0
B35: =COUNTA(B7:G28)-COUNTIF(B7:F28,"GOVERNMENT SCIENCE") -> 22 | C35: =COUNTIF(B7:D38,"GOVERNMENT SCIENCE") -> 0

Sheet Imeko Afon NEW
A1: MINISTRY OF EDUATION SCIENCE AND TECHNOLOGY
A2: DEPARTMENT OF SECONDARY
A3: IMEKO AFON
A4: S/N | B4: NAME OF SCHOOL
B6: COMBINED
A7: 1 | B7: ALAGBE COMMUNITY HIGH SCHOOL, ALAGBE
A8: 2 | B8: COMMUNITY COMPREHENSIVE COLLEGE, IDOFA
A9: 3 | B9: COMMUNITY COMPREHENSIVE HIGH SCHOOL, ATAPELE
A10: 4 | B10: COMMUNITY COMPREHENSIVE HIGH SCHOOL, OKE-AGBEDED
A11: 5 | B11: COMMUNITY HIGH SCHOOL, AFON
A12: 6 | B12: COMMUNITY HIGH SCHOOL, MORIWI
A13: 7 | B13: MUSLIM GRAMMAR SCHOOL, IMEKO
A14: 8 | B14: MUSLIM HIGH SCHOOL, ILARA-YEWA
A15: 9 | B15: OBADA GRAMMAR SCHOOL, OBADA
B16: TOTAL
B18: SENIOR
A19: 1 | B19: ALAKETU HIGH SCHOOL, IMEKO
A20: 2 | B20: COMMUNITY HIGH SCHOOL, IDI-AYIN.
A21: 3 | B21: IWOYE-KETU COMMUNITY HIGH SCHOOL, IWOYE-KETU.
A22: 4 | B22: COMMUNITY HIGH SCHOOL, ILARA.
A23: 5 | B23: NAZARETH HIGH SCHOOL, IMEKO.
B24: TOTAL
B26: JUNIOR
A27: 1 | B27: ALAKETU HIGH SCHOOL, IMEKO
A28: 2 | B28: COMMUNITY HIGH SCHOOL, IDI-AYIN.
A29: 3 | B29: IWOYE-KETU COMMUNITY HIGH SCHOOL, IWOYE-KETU.
A30: 4 | B30: COMMUNITY HIGH SCHOOL, ILARA-YEWA.
A31: 5 | B31: NAZARETH HIGH SCHOOL, IMEKO.
B32: SUB TOTAL
B33: TOTAL
B35: =COUNTA(A7:A32) -> 19

Sheet Imeko Afon
A1: MINISTRY OF EDUCATION SCIENCE AND TECHNOLOGY
A2: DEPARTMENT OF SECONDARY RUNNING COST ANALYSIS BY ZONES
A3: RUNNING COST ANALYSIS
A4: IMEKO AFON
A5: S/N | B5: NAME OF SCHOOLS ( IN FULL AND UPPER CASE) | F5: L.G/LCDA | I5: WARD | K5: J S S 1 | S5: J S S 2 | AC5: J S S 3 | AK5: SUB TOTAL J S S 1 - J S S 3 | AV5: S S S 1 | BC5: S S S 2 | BM5: S S S 3 | BU5: SUB TOTAL S S S 1 - S S S 3 | CE5: TOTAL NUMBER OF LEARNERS | CP5: NUMBER OF TEACHERS | CW5: STATUS | DA5: RUNNING COST @ ₦30,000 FOR LEARNERS < 1000 PER MONTH FOR 3 MONTHS & @ ₦50,000 FOR LEARNERS > 1000 PER MONTH FOR 3 MONTHS
K6: ARM | M6: M | O6: F | Q6: T | S6: ARM | U6: M | X6: F | AA6: T | AC6: ARM | AE6: M | AG6: F | AI6: T | AK6: ARM | AM6: M | AO6: F | AS6: T | AV6: ARM | AX6: M | AZ6: F | BA6: T | BC6: ARM | BE6: M | BG6: F | BI6: T | BM6: ARM | BP6: M | BR6: F | BT6: T | BU6: ARM | BX6: M | BZ6: F | CB6: T | CE6: ARM | CH6: M | CK6: F | CN6: TOTAL | CP6: M | CS6: F | CV6: T
A7: 1 | B7: ALAKETU HIGH SCHOOL HIGH | F7: IMEKO AFON | I7: 1 | K7: 1 | M7: 23 | O7: 23 | Q7: 46 | S7: 2 | U7: 44 | X7: 36 | AA7: 80 | AC7: 3 | AE7: 72 | AG7: 70 | AI7: 142 | AK7: 6 | AM7: 139 | AO7: 129 | AS7: 268 | AV7: 0 | AX7: 0 | AZ7: 0 | BA7: 0 | BC7: 0 | BE7: 0 | BG7: 0 | BI7: 0 | BM7: 0 | BP7: 0 | BR7: 0 | BT7: 0 | BU7: 0 | BX7: 0 | BZ7: 0 | CB7: 0 | CE7: 6 | CH7: 139 | CK7: 129 | CN7: 268 | CP7: 3 | CS7: 2 | CV7: 5 | CW7: SUCCESS | DA7: =IF(CN7<1001,30000 * 3,50000*3) -> 90000
A8: 2 | B8: COMMUNITY HIGH SCHOOL, (JNR) | F8: IMEKO AFON | I8: 5 | K8: 3 | M8: 133 | O8: 127 | Q8: 260 | S8: 3 | U8: 95 | X8: 91 | AA8: 186 | AC8: 3 | AE8: 91 | AG8: 104 | AI8: 195 | AK8: 9 | AM8: 319 | AO8: 322 | AS8: 641 | AV8: 0 | AX8: 0 | AZ8: 0 | BA8: 0 | BC8: 0 | BE8: 0 | BG8: 0 | BI8: 0 | BM8: 0 | BP8: 0 | BR8: 0 | BT8: 0 | BU8: 0 | BX8: 0 | BZ8: 0 | CB8: 0 | CE8: 9 | CH8: 319 | CK8: 322 | CN8: 641 | CP8: 8 | CS8: 3 | CV8: 11 | CW8: SUCCESS | DA8: =IF(CN8<1001,30000 * 3,50000*3) -> 90000
A9: 3 | B9: COMMUNITY HIGH SCHOOL, (JNR) IDI- | F9: OLOKA AFON | I9: 8 | K9: 6 | M9: 158 | O9: 130 | Q9: 288 | S9: 6 | U9: 163 | X9: 122 | AA9: 285 | AC9: 4 | AE9: 132 | AG9: 107 | AI9: 239 | AK9: 16 | AM9: 453 | AO9: 359 | AS9: 812 | AV9: 0 | AX9: 0 | AZ9: 0 | BA9: 0 | BC9: 0 | BE9: 0 | BG9: 0 | BI9: 0 | BM9: 0 | BP9: 0 | BR9: 0 | BT9: 0 | BU9: 0 | BX9: 0 | BZ9: 0 | CB9: 0 | CE9: 16 | CH9: 453 | CK9: 359 | CN9: 812 | CP9: 8 | CS9: 1 | CV9: 9 | CW9: SUCCESS | DA9: =IF(CN9<1001,30000 * 3,50000*3) -> 90000
A10: 4 | B10: COMMUNITY HIGH SCHOOL, (JNR) | F10: IMEKO AFON | I10: 4 | K10: 2 | M10: 47 | O10: 32 | Q10: 79 | S10: 2 | U10: 56 | X10: 28 | AA10: 84 | AC10: 1 | AE10: 31 | AG10: 31 | AI10: 62 | AK10: 5 | AM10: 134 | AO10: 91 | AS10: 225 | AV10: 0 | AX10: 0 | AZ10: 0 | BA10: 0 | BC10: 0 | BE10: 0 | BG10: 0 | BI10: 0 | BM10: 0 | BP10: 0 | BR10: 0 | BT10: 0 | BU10: 0 | BX10: 0 | BZ10: 0 | CB10: 0 | CE10: 5 | CH10: 134 | CK10: 91 | CN10: 225 | CP10: 1 | CS10: 2 | CV10: 3 | CW10: SUCCESS | DA10: =IF(CN10<1001,30000 * 3,50000*3) -> 90000
A11: 5 | B11: NAZARETH HIGH SCHOOL, (JNR) | F11: IMEKO AFON | I11: 1 | K11: 4 | M11: 170 | O11: 150 | Q11: 320 | S11: 4 | U11: 160 | X11: 160 | AA11: 320 | AC11: 4 | AE11: 111 | AG11: 95 | AI11: 206 | AK11: 12 | AM11: 441 | AO11: 405 | AS11: 846 | AV11: 0 | AX11: 0 | AZ11: 0 | BA11: 0 | BC11: 0 | BE11: 0 | BG11: 0 | BI11: 0 | BM11: 0 | BP11: 0 | BR11: 0 | BT11: 0 | BU11: 0 | BX11: 0 | BZ11: 0 | CB11: 0 | CE11: 12 | CH11: 441 | CK11: 405 | CN11: 846 | CP11: 6 | CS11: 7 | CV11: 13 | CW11: SUCCESS | DA11: =IF(CN11<1001,30000 * 3,50000*3) -> 90000
A12: 6 | B12: COMMUNITY HIGH SCHOOL, AFON | F12: OLOKA AFON | I12: 7 | K12: 2 | M12: 58 | O12: 38 | Q12: 96 | S12: 1 | U12: 19 | X12: 19 | AA12: 38 | AC12: 1 | AE12: 19 | AG12: 21 | AI12: 40 | AK12: 4 | AM12: 96 | AO12: 78 | AS12: 174 | AV12: 1 | AX12: 16 | AZ12: 20 | BA12: 36 | BC12: 1 | BE12: 15 | BG12: 25 | BI12: 40 | BM12: 1 | BP12: 19 | BR12: 13 | BT12: 32 | BU12: 3 | BX12: 50 | BZ12: 58 | CB12: 108 | CE12: 7 | CH12: 146 | CK12: 136 | CN12: 282 | CP12: 8 | CS12: 3 | CV12: 11 | CW12: SUCCESS | DA12: =IF(CN12<1001,30000 * 3,50000*3) -> 90000
A13: 7 | B13: COMMUNITY COMPREHENSIVE HIGH | F13: OLOKA AFON | I13: 7 | K13: 1 | M13: 17 | O13: 11 | Q13: 28 | S13: 1 | U13: 14 | X13: 10 | AA13: 24 | AC13: 1 | AE13: 16 | AG13: 8 | AI13: 24 | AK13: 3 | AM13: 47 | AO13: 29 | AS13: 76 | AV13: 1 | AX13: 13 | AZ13: 8 | BA13: 21 | BC13: 1 | BE13: 10 | BG13: 5 | BI13: 15 | BM13: 1 | BP13: 6 | BR13: 6 | BT13: 12 | BU13: 3 | BX13: 29 | BZ13: 19 | CB13: 48 | CE13: 6 | CH13: 76 | CK13: 48 | CN13: 124 | CP13: 4 | CS13: 1 | CV13: 5 | CW13: SUCCESS | DA13: =IF(CN13<1001,30000 * 3,50000*3) -> 90000
A14: 8 | B14: COMMUNITY COMPREHENSIVE HIGH | F14: IMEKO AFON | I14: 2 | K14: 1 | M14: 15 | O14: 16 | Q14: 31 | S14: 1 | U14: 8 | X14: 12 | AA14: 20 | AC14: 1 | AE14: 20 | AG14: 11 | AI14: 31 | AK14: 3 | AM14: 43 | AO14: 39 | AS14: 82 | AV14: 1 | AX14: 7 | AZ14: 9 | BA14: 16 | BC14: 1 | BE14: 21 | BG14: 5 | BI14: 26 | BM14: 1 | BP14: 10 | BR14: 9 | BT14: 19 | BU14: 3 | BX14: 38 | BZ14: 23 | CB14: 61 | CE14: 6 | CH14: 81 | CK14: 62 | CN14: 143 | CP14: 4 | CS14: 0 | CV14: 4 | CW14: SUCCESS | DA14: =IF(CN14<1001,30000 * 3,50000*3) -> 90000
A15: 9 | B15: COMMUNITY HIGH SCHOOL, MORIWI | F15: IMEKO AFON | I15: 2 | K15: 1 | M15: 4 | O15: 4 | Q15: 8 | S15: 1 | U15: 7 | X15: 11 | AA15: 18 | AC15: 1 | AE15: 8 | AG15: 5 | AI15: 13 | AK15: 3 | AM15: 19 | AO15: 20 | AS15: 39 | AV15: 1 | AX15: 9 | AZ15: 3 | BA15: 12 | BC15: 1 | BE15: 13 | BG15: 7 | BI15: 20 | BM15: 1 | BP15: 13 | BR15: 14 | BT15: 27 | BU15: 3 | BX15: 35 | BZ15: 24 | CB15: 59 | CE15: 6 | CH15: 54 | CK15: 44 | CN15: 98 | CP15: 4 | CS15: 0 | CV15: 4 | CW15: SUCCESS | DA15: =IF(CN15<1001,30000 * 3,50000*3) -> 90000
A16: 10 | B16: COMMUNITY COMPREHENSIVE | F16: IMEKO AFON | I16: 3 | K16: 1 | M16: 29 | O16: 24 | Q16: 53 | S16: 1 | U16: 22 | X16: 19 | AA16: 41 | AC16: 1 | AE16: 17 | AG16: 13 | AI16: 30 | AK16: 3 | AM16: 68 | AO16: 56 | AS16: 124 | AV16: 1 | AX16: 14 | AZ16: 17 | BA16: 31 | BC16: 1 | BE16: 11 | BG16: 14 | BI16: 25 | BM16: 1 | BP16: 11 | BR16: 20 | BT16: 31 | BU16: 3 | BX16: 36 | BZ16: 51 | CB16: 87 | CE16: 6 | CH16: 104 | CK16: 107 | CN16: 211 | CP16: 7 | CS16: 2 | CV16: 9 | CW16: SUCCESS | DA16: =IF(CN16<1001,30000 * 3,50000*3) -> 90000
A17: 11 | B17: MUSLIM GRAMMAR SCHOOL, IMEKO | F17: IMEKO AFON | I17: 1 | K17: 3 | M17: 56 | O17: 69 | Q17: 125 | S17: 3 | U17: 59 | X17: 48 | AA17: 107 | AC17: 2 | AE17: 62 | AG17: 38 | AI17: 100 | AK17: 8 | AM17: 177 | AO17: 155 | AS17: 332 | AV17: 2 | AX17: 44 | AZ17: 41 | BA17: 85 | BC17: 2 | BE17: 34 | BG17: 18 | BI17: 52 | BM17: 2 | BP17: 42 | BR17: 39 | BT17: 81 | BU17: 6 | BX17: 120 | BZ17: 98 | CB17: 218 | CE17: 14 | CH17: 297 | CK17: 253 | CN17: 550 | CP17: 13 | CS17: 5 | CV17: 18 | CW17: SUCCESS | DA17: =IF(CN17<1001,30000 * 3,50000*3) -> 90000
A18: 12 | B18: MUSLIM HIGH SCHOOL, ILARA | F18: IMEKO AFON | I18: 5 | K18: 2 | M18: 50 | O18: 43 | Q18: 93 | S18: 1 | U18: 34 | X18: 20 | AA18: 54 | AC18: 1 | AE18: 29 | AG18: 25 | AI18: 54 | AK18: 4 | AM18: 113 | AO18: 88 | AS18: 201 | AV18: 1 | AX18: 28 | AZ18: 24 | BA18: 52 | BC18: 1 | BE18: 18 | BG18: 25 | BI18: 43 | BM18: 1 | BP18: 26 | BR18: 30 | BT18: 56 | BU18: 3 | BX18: 72 | BZ18: 79 | CB18: 151 | CE18: 7 | CH18: 185 | CK18: 167 | CN18: 352 | CP18: 5 | CS18: 3 | CV18: 8 | CW18: SUCCESS | DA18: =IF(CN18<1001,30000 * 3,50000*3) -> 90000
... A23: 17 | B23: NAZARETH HIGH SCHOOL, (SNR) | F23: IMEKO AFON | I23: 1 | K23: 0 | M23: 0 | O23: 0 | Q23: 0 | S23: 0 | U23: 0 | X23: 0 | AA23: 0 | AC23: 0 | AE23: 0 | AG23: 0 | AI23: 0 | AK23: 0 | AM23: 0 | AO23: 0 | AS23: 0 | AV23: 3 | AX23: 142 | AZ23: 99 | BA23: 241 | BC23: 3 | BE23: 100 | BG23: 81 | BI23: 181 | BM23: 3 | BP23: 49 | BR23: 42 | BT23: 91 | BU23: 9 | BX23: 291 | BZ23: 222 | CB23: 513 | CE23: 9 | CH23: 291 | CK23: 222 | CN23: 513 | CP23: 8 | CS23: 2 | CV23: 10 | CW23: SUCCESS | DA23: =IF(CN23<1001,30000 * 3,50000*3) -> 90000
A24: 18 | DA24: =CN24*150 -> 0
A25: 19 | DA25: =CN25*150 -> 0
A26: 20 | DA26: =CN26*150 -> 0
A27: 21 | DA27: =CN27*150 -> 0
A28: 22 | DA28: =CN28*150 -> 0
A29: 23 | DA29: =CN29*150 -> 0
A30: 24 | DA30: =CN30*150 -> 0
A31: 25 | DA31: =CN31*150 -> 0
A32: 26 | DA32: =CN32*150 -> 0
A33: 27 | DA33: =CN33*150 -> 0
A34: 28 | DA34: =CN34*150 -> 0
A35: 29 | DA35: =CN35*150 -> 0
... A54: 48 | DA54: =CN54*150 -> 0
B55: TOTAL | K55: 27 | M55: 760 | O55: 667 | Q55: 1427 | S55: 26 | U55: 681 | X55: 576 | AA55: 1257 | AC55: 23 | AE55: 608 | AG55: 528 | AI55: 1136 | AK55: 76 | AM55: 2049 | AO55: 1771 | AS55: 3820 | AV55: 21 | AX55: 572 | AZ55: 403 | BA55: 975 | BC55: 21 | BE55: 487 | BG55: 337 | BI55: 824 | BM55: 21 | BP55: 412 | BR55: 340 | BT55: 752 | BU55: 63 | BX55: 1471 | BZ55: 1080 | CB55: 2551 | CE55: 139 | CH55: 3520 | CK55: 2851 | CN55: 6371 | CP55: 101 | CS55: 41 | CV55: 142 | CW55: 17 | DA55: =SUM(DA7:DA54) -> 1530000
A56: AMOUNT DUE FOR ZEO @ ₦20 per learner = | DA56: =CN55*20 -> 127420
A57: TOTAL RUNNING COST REQUIRED FOR IMEKO AFON | DA57: =DA56+DA55 -> 1657420
CH58: =COUNTIF(CN7:CO23, "<1000") -> 17 | CI58: =COUNTIF(CN7:CO23, ">1000") -> 0
B60: =COUNTA(B7:E23)-COUNTIF(B32:F53,"GOVERNMENT SCIENCE") -> 17 | C60: =COUNTIF(B7:E23,"GOVERNMENT SCIENCE") -> 0

Sheet Odeda new
A1: MINISTRY OF EDUCATION SCIENCE AND TECHNOLOGY
A2: DEPARTMENT OF SECONDARY
A3: ODEDA
A4: S/N | B4: NAME OF SCHOOL
A5: 1 | B5: SALAWU ABIOLA COMPREHENSIVE HIGH SCHOOL (JNR), OSIELE
A6: 2 | B6: SALAWU ABIOLA COMPREHENSIVE HIGH SCHOOL (SNR), OSIELE
A7: 3 | B7: NAWAIR-UD-DEEN GRAMMAR SCHOOL (JNR), OBANTOKO
A8: 4 | B8: NAWAIR-UD-DEEN GRAMMAR SCHOOL (SNR), OBANTOKO
A9: 5 | B9: EGBA ODEDA HIGH SCHOOL (JNR), ODEDA
A10: 6 | B10: EGBA ODEDA HIGH SCHOOL (SNR), ODEDA
A11: 7 | B11: ORILE ILUGUN COMPREHENSIVE HIGH SCHOOL(JNR) ORILE ILGUN
A12: 8 | B12: ORILE ILUGUN COMPREHENSIVE HIGH SCHOOL(SNR) ORILE ILGUN
A13: 9 | B13: ORILE KEESI GRAMMAR SCHOOL(JNR), OLODO
A14: 10 | B14: ORILE KEESI GRAMMAR SCHOOL(SNR), OLODO
A15: 11 | B15: ORILE KEMTA COMPREHENSIVE HIGH SCHOOL (JNR), OLUGBO
A16: 12 | B16: ORILE KEMTA COMPREHENSIVE HIGH SCHOOL (SNR), OLUGBO
... A22: 18 | B22: EMULU COMPREHENSIVE HIGH SCHOOL, ORILE ITESI
B23: TOTAL
B24: =COUNTA(A5:A22) -> 18

Sheet Odeda
A1: MINISTRY OF EDUCATION SCIENCE AND TECHNOLOGY
A2: DEPARTMENT OF SECONDARY RUNNING COST ANALYSIS BY ZONES
A3: RUNNING COST ANALYSIS
A4: ODEDA
CM5: RUNNING COST @ ₦30,000 FOR LEARNERS < 1000 PER MONTH FOR 3 MONTHS & @ ₦50,000 FOR LEARNERS > 1000 PER MONTH FOR 3 MONTHS
CX23: =CK25*20 -> 0
CM25: =SUM(CM7:CM23) -> 0 | CX25: =CX23+CX22 -> 0
A26: AMOUNT DUE FOR ZEO @ ₦20 per learner = | CM26: =CJ25*20 -> 0
A27: TOTAL RUNNING COST REQUIRED FOR ODEDA | CM27: =CM26+CM25 -> 0
CD28: =COUNTIF(CJ7:CL23, "<1000") -> 0 | CE28: =COUNTIF(CJ7:CL23, ">1000") -> 0

Sheet EWEKORO NEW
A1: MINISTRY OF EDUCATION SCIENCE AND TECHNOLOGY
A2: DEPARTMENT OF SECONDARY
A3: RUNNING COST ANALYSIS BY ZONES
A4: EWEKORO
A5: S/N | B5: NAME OF SCHOOL | C5: NUMBER OF PRINCIPAL | D5: NUMBER OF VICE PRINCIPAL | E5: NUMBER OF TEACHERS | F5: STUDENTS ENROLMENT | I5: RUNNING COST @ ₦30,000 FOR LEARNERS < 1000 PER MONTH FOR 3 MONTHS & @ ₦50,000 FOR LEARNERS > 1000 PER MONTH FOR 3 MONTHS
F6: MALE | G6: FEMALE | H6: TOTAL
A7: 1 | B7: METHODIST HIGH SCHOOL(SENIOR), ARIGBAJO. | C7: 1 | D7: 2 | E7: 31 | F7: 1205 | G7: 1257 | H7: =SUM(F7:G7) -> 2462 | I7: =IF(H7=0,0,IF(H7<1001,30000 * 3,IF(H7="","",50000*3))) -> 150000
A8: 2 | B8: PAPALANTO HIGH SCHOOL (SENIOR), PAPALANTO. | C8: 1 | D8: 2 | E8: 23 | F8: 364 | G8: 386 | H8: =SUM(F8:G8) -> 750 | I8: =IF(H8=0,0,IF(H8<1001,30000 * 3,IF(H8="","",50000*3))) -> 90000
A9: 3 | B9: ITORI COMPREHENSIVE HIGH SCHOOL (SENIOR), ITORI. | C9: 1 | D9: 2 | E9: 23 | F9: 385 | G9: 482 | H9: =SUM(F9:G9) -> 867 | I9: =IF(H9=0,0,IF(H9<1001,30000 * 3,IF(H9="","",50000*3))) -> 90000
A10: 4 | B10: METHODIST HIGH SCHOOL(JUNIOR), ARIGBAJO. | C10: 1 | D10: 2 | E10: 35 | F10: 1207 | G10: 1343 | H10: =SUM(F10:G10) -> 2550 | I10: =IF(H10=0,0,IF(H10<1001,30000 * 3,IF(H10="","",50000*3))) -> 150000
A11: 5 | B11: PAPALANTO HIGH SCHOOL (JUNIOR), PAPALANTO. | C11: 1 | D11: 2 | E11: 16 | F11: 715 | G11: 663 | H11: =SUM(F11:G11) -> 1378 | I11: =IF(H11=0,0,IF(H11<1001,30000 * 3,IF(H11="","",50000*3))) -> 150000
A12: 6 | B12: ITORI COMPREHENSIVE HIGH SCHOOL (JUNIOR), ITORI. | C12: 1 | D12: 2 | E12: 19 | F12: 603 | G12: 582 | H12: =SUM(F12:G12) -> 1185 | I12: =IF(H12=0,0,IF(H12<1001,30000 * 3,IF(H12="","",50000*3))) -> 150000
A13: 7 | B13: IFEDAPO COMMUNITY COMPREHENSIVE HIGH SCHOOL, AJEGUNLE-ABALABI. | C13: 1 | D13: 2 | E13: 24 | F13: 449 | G13: 470 | H13: =SUM(F13:G13) -> 919 | I13: =IF(H13=0,0,IF(H13<1001,30000 * 3,IF(H13="","",50000*3))) -> 90000
A14: 8 | B14: COMMUNITY COMPREHENSIVE HIGH SCHOOL, OWOWO. | C14: 1 | D14: 1 | E14: 33 | F14: 445 | G14: 412 | H14: =SUM(F14:G14) -> 857 | I14: =IF(H14=0,0,IF(H14<1001,30000 * 3,IF(H14="","",50000*3))) -> 90000
A15: 9 | B15: UNITED COMPREHENSIVE HIGH SCHOOL, WASINMI. | C15: 1 | D15: 2 | E15: 27 | F15: 496 | G15: 477 | H15: =SUM(F15:G15) -> 973 | I15: =IF(H15=0,0,IF(H15<1001,30000 * 3,IF(H15="","",50000*3))) -> 90000
A16: 10 | B16: AKIN OGUNPOLA MODEL COLLEGE, AKINALE. | C16: 1 | D16: 1 | E16: 40 | F16: 40 | G16: 25 | H16: =SUM(F16:G16) -> 65 | I16: =IF(H16=0,0,IF(H16<1001,30000 * 3,IF(H16="","",50000*3))) -> 90000
A17: 11 | B17: OLORUNDA COMMUNITY COMPREHENSIVE HIGH SCHOOL, OLORUNDA. | C17: 1 | D17: 1 | E17: 14 | F17: 131 | G17: 138 | H17: =SUM(F17:G17) -> 269 | I17: =IF(H17=0,0,IF(H17<1001,30000 * 3,IF(H17="","",50000*3))) -> 90000
A18: 12 | B18: ADEOYE LAMBO MEMORIAL HIGH SCHOOL, OBADA-OKO. | C18: 1 | D18: 2 | E18: 46 | F18: 810 | G18: 743 | H18: =SUM(F18:G18) -> 1553 | I18: =IF(H18=0,0,IF(H18<1001,30000 * 3,IF(H18="","",50000*3))) -> 150000
... A20: 14 | B20: GOVERNMENT SCIENCE AND TECHNICAL COLLEGE, AJEGUNLE. | C20: 1 | D20: 1 | E20: 17 | F20: 139 | G20: 97 | H20: =SUM(F20:G20) -> 236 | I20: =IF(H20=0,0,IF(H20<1001,30000 * 3,IF(H20="","",50000*3))) -> 90000
B21: TOTAL | C21: =SUM(C7:C20) -> 14 | D21: =SUM(D7:D20) -> 24 | E21: =SUM(E7:E20) -> 380 | F21: =SUM(F7:F20) -> 7524 | G21: =SUM(G7:G20) -> 7503 | H21: =SUM(F21:G21) -> 15027 | I21: =SUM(I7:I20) -> 1560000
B22: =COUNTA(A7:A20) -> 14 | C22: =COUNTIF(H7:H20, "<1001") -> 9 | D22: =COUNTIF(H7:H20, ">1001") -> 5

Sheet EWEKORO
A1: MINISTRY OF EDUCATION SCIENCE AND TECHNOLOGY
A2: DEPARTMENT OF SECONDARY
A3: RUNNING COST ANALYSIS BY ZONES
A4: EWEKORO
A5: S/N | B5: NAME OF SCHOOLS ( IN FULL AND UPPER CASE) | G5: L.G/LCDA | J5: WARD | L5: J S S 1 | T5: J S S 2 | AC5: J S S 3 | AK5: SUB TOTAL J S S 1 - J S S 3 | AV5: S S S 1 | BB5: S S S 2 | BK5: S S S 3 | BT5: SUB TOTAL S S S 1 - S S S 3 | CP5: RUNNING COST @ ₦30,000 FOR LEARNERS < 1000 PER MONTH FOR 3 MONTHS & @ ₦50,000 FOR LEARNERS > 1000 PER MONTH FOR 3 MONTHS | CQ5: RUNNING COST @ ₦ 150 PER LEARNER & Technical Colleges @ ₦1200 per learner
L6: ARM | N6: M | P6: F | R6: T | T6: ARM | V6: M | Y6: F | AA6: T | AC6: ARM | AE6: M | AG6: F | AI6: T | AK6: ARM | AM6: M | AO6: F | AS6: T | AV6: ARM | AW6: M | AY6: F | BA6: T | BB6: ARM | BD6: M | BF6: F | BI6: T | BK6: ARM | BM6: M | BQ6: F | BR6: T | BT6: ARM | BV6: M | BY6: F | CA6: T | CD6: ARM | CG6: M | CJ6: F | CM6: T
A7: 1 | B7: ITORI COMPREHENSIVE HIGH SCHOOL JUNIOR | G7: EWEKORO NORTH | J7: 5 | L7: 7 | N7: 223 | P7: 217 | R7: 440 | T7: 6 | V7: 200 | Y7: 185 | AA7: 385 | AC7: 6 | AE7: 146 | AG7: 169 | AI7: 315 | AK7: 19 | AM7: 569 | AO7: 571 | AS7: 1140 | AV7: 0 | AW7: 0 | AY7: 0 | BA7: 0 | BB7: 0 | BD7: 0 | BF7: 0 | BI7: 0 | BK7: 0 | BM7: 0 | BQ7: 0 | BR7: 0 | BT7: 0 | BV7: 0 | BY7: 0 | CA7: 0 | CD7: 19 | CG7: 569 | CJ7: 571 | CM7: 1140 | CP7: =IF(CM7<1001,30000 * 3,50000*3) -> 150000
A8: 2 | B8: PAPALANTO HIGH SCHOOL JUNIOR | G8: EWEKORO SOUTH | J8: 3 | L8: 5 | N8: 270 | P8: 239 | R8: 509 | T8: 5 | V8: 249 | Y8: 233 | AA8: 482 | AC8: 3 | AE8: 156 | AG8: 164 | AI8: 320 | AK8: 13 | AM8: 675 | AO8: 636 | AS8: 1311 | AV8: 0 | AW8: 0 | AY8: 0 | BA8: 0 | BB8: 0 | BD8: 0 | BF8: 0 | BI8: 0 | BK8: 0 | BM8: 0 | BQ8: 0 | BR8: 0 | BT8: 0 | BV8: 0 | BY8: 0 | CA8: 0 | CD8: 13 | CG8: 675 | CJ8: 636 | CM8: 1311 | CP8: =IF(CM8<1001,30000 * 3,50000*3) -> 150000
A9: 3 | B9: ITORI COMPREHENSIVE HIGH SCHOOL SENIOR | G9: EWEKORO SOUTH | J9: 4 | L9: 0 | N9: 0 | P9: 0 | R9: 0 | T9: 0 | V9: 0 | Y9: 0 | AA9: 0 | AC9: 0 | AE9: 0 | AG9: 0 | AI9: 0 | AK9: 0 | AM9: 0 | AO9: 0 | AS9: 0 | AV9: 6 | AW9: 142 | AY9: 118 | BA9: 260 | BB9: 5 | BD9: 129 | BF9: 128 | BI9: 257 | BK9: 3 | BM9: 103 | BQ9: 90 | BR9: 193 | BT9: 14 | BV9: 374 | BY9: 336 | CA9: 710 | CD9: 14 | CG9: 374 | CJ9: 336 | CM9: 710 | CP9: =IF(CM9<1001,30000 * 3,50000*3) -> 90000
A10: 4 | B10: PAPALANTO HIGH SCHOOL SENIOR | G10: EWEKORO SOUTH | J10: 5 | L10: 0 | N10: 0 | P10: 0 | R10: 0 | T10: 0 | V10: 0 | Y10: 0 | AA10: 0 | AC10: 0 | AE10: 0 | AG10: 0 | AI10: 0 | AK10: 0 | AM10: 0 | AO10: 0 | AS10: 0 | AV10: 5 | AW10: 115 | AY10: 145 | BA10: 260 | BB10: 5 | BD10: 145 | BF10: 137 | BI10: 282 | BK10: 4 | BM10: 90 | BQ10: 76 | BR10: 166 | BT10: 14 | BV10: 350 | BY10: 358 | CA10: 708 | CD10: 14 | CG10: 350 | CJ10: 358 | CM10: 708 | CP10: =IF(CM10<1001,30000 * 3,50000*3) -> 90000
A11: 5 | B11: ADEOYE LAMBO MEMORIAL HIGH SCHOOL OBADA OKO | G11: EWEKORO NORTH | J11: 10 | L11: 6 | N11: 152 | P11: 144 | R11: 296 | T11: 6 | V11: 178 | Y11: 185 | AA11: 363 | AC11: 6 | AE11: 123 | AG11: 124 | AI11: 247 | AK11: 18 | AM11: 453 | AO11: 453 | AS11: 906 | AV11: 4 | AW11: 125 | AY11: 127 | BA11: 252 | BB11: 5 | BD11: 116 | BF11: 101 | BI11: 217 | BK11: 3 | BM11: 79 | BQ11: 101 | BR11: 180 | BT11: 12 | BV11: 320 | BY11: 329 | CA11: 649 | CD11: 30 | CG11: 773 | CJ11: 782 | CM11: 1555 | CP11: =IF(CM11<1001,30000 * 3,50000*3) -> 150000
A12: 6 | B12: AKIN OGUNPOLA MODEL COLLEGE AKINALE | G12: EWEKORO NORTH | J12: 7 | L12: 1 | N12: 11 | P12: 13 | R12: 24 | T12: 1 | V12: 7 | Y12: 4 | AA12: 11 | AC12: 2 | AE12: 16 | AG12: 18 | AI12: 34 | AK12: 4 | AM12: 34 | AO12: 35 | AS12: 69 | AV12: 1 | AW12: 7 | AY12: 4 | BA12: 11 | BB12: 1 | BD12: 4 | BF12: 3 | BI12: 7 | BK12: 3 | BM12: 13 | BQ12: 11 | BR12: 24 | BT12: 5 | BV12: 24 | BY12: 18 | CA12: 42 | CD12: 9 | CG12: 58 | CJ12: 53 | CM12: 111 | CP12: =IF(CM12<1001,30000 * 3,50000*3) -> 90000
A13: 7 | B13: COMMUNITY COMPREHENSIVE HIGH SCHOOL OWOWO | G13: EWEKORO NORTH | J13: 9 | L13: 2 | N13: 57 | P13: 62 | R13: 119 | T13: 2 | V13: 35 | Y13: 48 | AA13: 83 | AC13: 2 | AE13: 32 | AG13: 37 | AI13: 69 | AK13: 6 | AM13: 124 | AO13: 147 | AS13: 271 | AV13: 1 | AW13: 52 | AY13: 39 | BA13: 91 | BB13: 1 | BD13: 28 | BF13: 25 | BI13: 53 | BK13: 1 | BM13: 29 | BQ13: 15 | BR13: 44 | BT13: 3 | BV13: 109 | BY13: 79 | CA13: 188 | CD13: 9 | CG13: 233 | CJ13: 226 | CM13: 459 | CP13: =IF(CM13<1001,30000 * 3,50000*3) -> 90000
A14: 8 | B14: IFEDAPO COMMUNITY COMPREHENSIVE HIGH SCHOOL ABALABI | G14: EWEKORO NORTH | J14: 4 | L14: 3 | N14: 88 | P14: 87 | R14: 175 | T14: 2 | V14: 92 | Y14: 69 | AA14: 161 | AC14: 2 | AE14: 70 | AG14: 80 | AI14: 150 | AK14: 7 | AM14: 250 | AO14: 236 | AS14: 486 | AV14: 2 | AW14: 49 | AY14: 61 | BA14: 110 | BB14: 2 | BD14: 47 | BF14: 33 | BI14: 80 | BK14: 2 | BM14: 41 | BQ14: 26 | BR14: 67 | BT14: 6 | BV14: 137 | BY14: 120 | CA14: 257 | CD14: 13 | CG14: 387 | CJ14: 356 | CM14: 743 | CP14: =IF(CM14<1001,30000 * 3,50000*3) -> 90000
A15: 9 | B15: METHODIST HIGH SCHOOL JUNIOR ARIGBAJO | G15: EWEKORO SOUTH | J15: 3 | L15: 9 | N15: 328 | P15: 401 | R15: 729 | T15: 8 | V15: 327 | Y15: 456 | AA15: 783 | AC15: 8 | AE15: 332 | AG15: 468 | AI15: 800 | AK15: 25 | AM15: 987 | AO15: 1325 | AS15: 2312 | AV15: 0 | AW15: 0 | AY15: 0 | BA15: 0 | BB15: 0 | BD15: 0 | BF15: 0 | BI15: 0 | BK15: 0 | BM15: 0 | BQ15: 0 | BR15: 0 | BT15: 0 | BV15: 0 | BY15: 0 | CA15: 0 | CD15: 25 | CG15: 987 | CJ15: 1325 | CM15: 2312 | CP15: =IF(CM15<1001,30000 * 3,50000*3) -> 150000
A16: 10 | B16: METHODIST HIGH SCHOOL SENIOR ARIGBAJO | G16: EWEKORO SOUTH | J16: 2 | L16: 0 | N16: 0 | P16: 0 | R16: 0 | T16: 0 | V16: 0 | Y16: 0 | AA16: 0 | AC16: 0 | AE16: 0 | AG16: 0 | AI16: 0 | AK16: 0 | AM16: 0 | AO16: 0 | AS16: 0 | AV16: 8 | AW16: 413 | AY16: 427 | BA16: 840 | BB16: 8 | BD16: 458 | BF16: 447 | BI16: 905 | BK16: 7 | BM16: 249 | BQ16: 284 | BR16: 533 | BT16: 23 | BV16: 1120 | BY16: 1158 | CA16: 2278 | CD16: 23 | CG16: 1120 | CJ16: 1158 | CM16: 2278 | CP16: =IF(CM16<1001,30000 * 3,50000*3) -> 150000
A17: 11 | B17: OWU COMMUNITY COMPREHENSIVE HIGH SCHOOL ELERE ADUBI | G17: EWEKORO NORTH | J17: 6 | L17: 3 | N17: 111 | P17: 87 | R17: 198 | T17: 3 | V17: 107 | Y17: 83 | AA17: 190 | AC17: 3 | AE17: 85 | AG17: 69 | AI17: 154 | AK17: 9 | AM17: 303 | AO17: 239 | AS17: 542 | AV17: 3 | AW17: 72 | AY17: 64 | BA17: 136 | BB17: 3 | BD17: 72 | BF17: 60 | BI17: 132 | BK17: 2 | BM17: 46 | BQ17: 35 | BR17: 81 | BT17: 8 | BV17: 190 | BY17: 159 | CA17: 349 | CD17: 17 | CG17: 493 | CJ17: 398 | CM17: 891 | CP17: =IF(CM17<1001,30000 * 3,50000*3) -> 90000
A18: 12 | B18: UNITED COMPREHENSIVE HIGH SCHOOL WASIMI | G18: EWEKORO NORTH | J18: 7 | L18: 3 | N18: 113 | P18: 93 | R18: 206 | T18: 3 | V18: 90 | Y18: 114 | AA18: 204 | AC18: 3 | AE18: 75 | AG18: 59 | AI18: 134 | AK18: 9 | AM18: 278 | AO18: 266 | AS18: 544 | AV18: 3 | AW18: 71 | AY18: 69 | BA18: 140 | BB18: 3 | BD18: 48 | BF18: 46 | BI18: 94 | BK18: 3 | BM18: 68 | BQ18: 47 | BR18: 115 | BT18: 9 | BV18: 187 | BY18: 162 | CA18: 349 | CD18: 18 | CG18: 465 | CJ18: 428 | CM18: 893 | CP18: =IF(CM18<1001,30000 * 3,50000*3) -> 90000
A19: 13 | B19: GOVERNMENT SCIENCE AND TECHNICAL COLLEGE AJEGUNLE | G19: EWEKORO SOUTH | J19: 1 | L19: 2 | N19: 50 | P19: 33 | R19: 83 | T19: 2 | V19: 40 | Y19: 37 | AA19: 77 | AC19: 2 | AE19: 45 | AG19: 28 | AI19: 73 | AK19: 6 | AM19: 135 | AO19: 98 | AS19: 233 | AV19: 0 | AW19: 0 | AY19: 0 | BA19: 0 | BB19: 0 | BD19: 0 | BF19: 0 | BI19: 0 | BK19: 0 | BM19: 0 | BQ19: 0 | BR19: 0 | BT19: 0 | BV19: 0 | BY19: 0 | CA19: 0 | CD19: 6 | CG19: 135 | CJ19: 98 | CM19: 233 | CP19: =IF(CM19<1001,30000 * 3,50000*3) -> 90000
C20: TOTAL | CG20: =SUM(CG7:CI19) -> 6619 | CJ20: =SUM(CJ7:CL19) -> 6725 | CM20: =SUM(CM7:CO19) -> 13344 | CP20: =SUM(CP7:CP19) -> 1470000
A21: AMOUNT DUE FOR ZEO @ ₦20 per candidate = | CP21: =CM20*20 -> 266880 | CU21: =CK20*20 -> 0
A22: TOTAL RUNNING COST REQUIRED FOR EWEKORO | CP22: =CP20+CP21 -> 1736880 | CU22: =CU21+CU20 -> 0
CG23: =COUNTIF(CM7:CO19, "<1000") -> 8 | CH23: =COUNTIF(CM7:CO19, ">1000") -> 5

Sheet Ikenne new
A4: ZONE: IKENNE
B5: S/N | C5: NAME OF SCHOOL
B8: 1 | C8: CHRIST APOSTOLIC GRAMMAR SCHOOL (JUNIOR),IPERU
B9: 2 | C9: IKENNE COMMUNITY HIGH SCHOOL(JUNIOR), IKENNE
B10: 3 | C10: ILISAN HIGH SCHOOL (JUNIOR),ILISHAN
B11: 4 | C11: ISANBI COMPREHENSIVE HIGH SCHOOL (JUNIOR),ILISHAN
B12: 5 | C12: MAYFLOWER SCHOOL (JUNIOR),IKENNE
B13: 6 | C13: OSITELU MEMORIAL COLLEGE (JUNIOR),OGERE
B14: 7 | C14: UNITED HIGH SCHOOL (JUNIOR),IKENNE
B15: 8 | C15: CHRIST APOSTOLIC GRAMMAR SCHOOL(SENIOR),IPERU
B16: 9 | C16: IKENNE COMMUNITY HIGH SCHOOL(SENIOR), IKENNE
B17: 10 | C17: ILISAN HIGH SCHOOL(SENIOR),ILISHAN
B18: 11 | C18: ISANBI COMPREHENSIVE HIGH SCHOOL(SENIOR),ILISHAN
B19: 12 | C19: MAYFLOWER SCHOOL (SENIOR),IKENNE
... B25: 18 | C25: OGERE COMMUNITY HIGH SCHOOL,OGERE
C26: TOTAL
B27: =COUNTA(B8:B25) -> 18

Sheet Ikenne
A1: MINISTRY OF EDUCATION SCIENCE AND TECHNOLOGY
A2: DEPARTMENT OF SECONDARY RUNNING COST ANALYSIS BY ZONES
A3: RUNNING COST ANALYSIS
A4: IKENNE
G5: ARM | I5: M | K5: F | N5: T | P5: ARM | R5: M | V5: F | Y5: T | AA5: ARM | AC5: M | AF5: F | AH5: T | AJ5: ARM | AK5: M | AN5: F | AQ5: T | AS5: ARM | AU5: M | AW5: F | AY5: T | AZ5: ARM | BB5: M | BF5: F | BH5: T | BJ5: ARM | BN5: M | BO5: F | BR5: T | BS5: ARM | BV5: M | BX5: F | CA5: T | CC5: ARM | CE5: No of Principals | CF5: No of Vice Principals | CG5: No of teachers | CH5: M | CI5: F | CM5: T | CN5: T | CO5: M | CS5: F | CU5: T | DA5: RUNNING COST @ ₦30,000 FOR LEARNERS < 1000 PER MONTH FOR 3 MONTHS & @ ₦50,000 FOR LEARNERS > 1000 PER MONTH FOR 3 MONTHS
A6: 1 | B6: CHRIST APOSTOLIC GRAMMAR SCHOOL (JUNIOR),IPERU | C6: REMO CENTRAL | F6: 5 | G6: 4 | I6: 187 | K6: 178 | N6: 365 | P6: 4 | R6: 110 | V6: 150 | Y6: 260 | AA6: 4 | AC6: 132 | AF6: 169 | AH6: 301 | AJ6: 12 | AK6: 429 | AN6: 497 | AQ6: 926 | AS6: 0 | AU6: 0 | AW6: 0 | AY6: 0 | AZ6: 0 | BB6: 0 | BF6: 0 | BH6: 0 | BJ6: 0 | BN6: 0 | BO6: 0 | BR6: 0 | BS6: 0 | BV6: 0 | BX6: 0 | CA6: 0 | CC6: 12 | CE6: 1 | CF6: 2 | CG6: =SUM(CE6:CF6) -> 3 | CH6: 464 | CI6: 501 | CN6: =SUM(CH6:CM6) -> 965 | CO6: 13 | CS6: 10 | CU6: 23 | CW6: SUCCESS | DA6: =IF(CN6=0,0,IF(CN6<1001,30000 * 3,IF(CN6="","",50000*3))) -> 90000
A7: 2 | B7: IKENNE COMMUNITY HIGH SCHOOL(JUNIOR), IKENNE | C7: IKENNE | F7: 2 | G7: 5 | I7: 140 | K7: 134 | N7: 274 | P7: 5 | R7: 95 | V7: 108 | Y7: 203 | AA7: 5 | AC7: 122 | AF7: 144 | AH7: 266 | AJ7: 15 | AK7: 357 | AN7: 386 | AQ7: 743 | AS7: 0 | AU7: 0 | AW7: 0 | AY7: 0 | AZ7: 0 | BB7: 0 | BF7: 0 | BH7: 0 | BJ7: 0 | BN7: 0 | BO7: 0 | BR7: 0 | BS7: 0 | BV7: 0 | BX7: 0 | CA7: 0 | CC7: 15 | CE7: 1 | CF7: 3 | CG7: =SUM(CE7:CF7) -> 4 | CH7: 378 | CI7: 383 | CN7: =SUM(CH7:CM7) -> 761 | CO7: 5 | CS7: 17 | CU7: 22 | CW7: SUCCESS | DA7: =IF(CN7=0,0,IF(CN7<1001,30000 * 3,IF(CN7="","",50000*3))) -> 90000
A8: 3 | B8: ILISAN HIGH SCHOOL (JUNIOR),ILISHAN | C8: IKENNE | F8: 7 | G8: 3 | I8: 115 | K8: 120 | N8: 235 | P8: 3 | R8: 97 | V8: 87 | Y8: 184 | AA8: 2 | AC8: 71 | AF8: 85 | AH8: 156 | AJ8: 8 | AK8: 283 | AN8: 292 | AQ8: 575 | AS8: 0 | AU8: 0 | AW8: 0 | AY8: 0 | AZ8: 0 | BB8: 0 | BF8: 0 | BH8: 0 | BJ8: 0 | BN8: 0 | BO8: 0 | BR8: 0 | BS8: 0 | BV8: 0 | BX8: 0 | CA8: 0 | CC8: 8 | CE8: 0 | CF8: 2 | CG8: =SUM(CE8:CF8) -> 2 | CH8: 325 | CI8: 309 | CN8: =SUM(CH8:CM8) -> 634 | CO8: 6 | CS8: 8 | CU8: 14 | CW8: SUCCESS | DA8: =IF(CN8=0,0,IF(CN8<1001,30000 * 3,IF(CN8="","",50000*3))) -> 90000
A9: 4 | B9: ISANBI COMPREHENSIVE HIGH SCHOOL (JUNIOR),ILISHAN | C9: IKENNE | F9: 7 | G9: 2 | I9: 68 | K9: 54 | N9: 122 | P9: 3 | R9: 78 | V9: 91 | Y9: 169 | AA9: 3 | AC9: 65 | AF9: 94 | AH9: 159 | AJ9: 8 | AK9: 211 | AN9: 239 | AQ9: 450 | AS9: 0 | AU9: 0 | AW9: 0 | AY9: 0 | AZ9: 0 | BB9: 0 | BF9: 0 | BH9: 0 | BJ9: 0 | BN9: 0 | BO9: 0 | BR9: 0 | BS9: 0 | BV9: 0 | BX9: 0 | CA9: 0 | CC9: 8 | CE9: 1 | CF9: 2 | CG9: =SUM(CE9:CF9) -> 3 | CH9: 229 | CI9: 229 | CN9: =SUM(CH9:CM9) -> 458 | CO9: 8 | CS9: 13 | CU9: 21 | CW9: SUCCESS | DA9: =IF(CN9=0,0,IF(CN9<1001,30000 * 3,IF(CN9="","",50000*3))) -> 90000
A10: 5 | B10: MAYFLOWER SCHOOL (JUNIOR),IKENNE | C10: IKENNE | F10: 1 | G10: 7 | I10: 447 | K10: 439 | N10: 886 | P10: 7 | R10: 450 | V10: 422 | Y10: 872 | AA10: 6 | AC10: 366 | AF10: 353 | AH10: 719 | AJ10: 20 | AK10: 1263 | AN10: 1214 | AQ10: 2477 | AS10: 0 | AU10: 0 | AW10: 0 | AY10: 0 | AZ10: 0 | BB10: 0 | BF10: 0 | BH10: 0 | BJ10: 0 | BN10: 0 | BO10: 0 | BR10: 0 | BS10: 0 | BV10: 0 | BX10: 0 | CA10: 0 | CC10: 20 | CE10: 1 | CF10: 2 | CG10: =SUM(CE10:CF10) -> 3 | CH10: 1298 | CI10: 1320 | CN10: =SUM(CH10:CM10) -> 2618 | CO10: 15 | CS10: 25 | CU10: 40 | CW10: SUCCESS | DA10: =IF(CN10=0,0,IF(CN10<1001,30000 * 3,IF(CN10="","",50000*3))) -> 150000
A11: 6 | B11: OSITELU MEMORIAL COLLEGE (JUNIOR),OGERE | C11: REMO CENTRAL | F11: 6 | G11: 3 | I11: 96 | K11: 100 | N11: 196 | P11: 3 | R11: 57 | V11: 69 | Y11: 126 | AA11: 3 | AC11: 74 | AF11: 64 | AH11: 138 | AJ11: 9 | AK11: 227 | AN11: 233 | AQ11: 460 | AS11: 0 | AU11: 0 | AW11: 0 | AY11: 0 | AZ11: 0 | BB11: 0 | BF11: 0 | BH11: 0 | BJ11: 0 | BN11: 0 | BO11: 0 | BR11: 0 | BS11: 0 | BV11: 0 | BX11: 0 | CA11: 0 | CC11: 9 | CE11: 1 | CF11: 2 | CG11: =SUM(CE11:CF11) -> 3 | CH11: 252 | CI11: 266 | CN11: =SUM(CH11:CM11) -> 518 | CO11: 5 | CS11: 6 | CU11: 11 | CW11: SUCCESS | DA11: =IF(CN11=0,0,IF(CN11<1001,30000 * 3,IF(CN11="","",50000*3))) -> 90000
A12: 7 | B12: UNITED HIGH SCHOOL (JUNIOR),IKENNE | C12: IKENNE | F12: 2 | G12: 3 | I12: 96 | K12: 65 | N12: 161 | P12: 3 | R12: 107 | V12: 107 | Y12: 214 | AA12: 3 | AC12: 77 | AF12: 92 | AH12: 169 | AJ12: 9 | AK12: 280 | AN12: 264 | AQ12: 544 | AS12: 0 | AU12: 0 | AW12: 0 | AY12: 0 | AZ12: 0 | BB12: 0 | BF12: 0 | BH12: 0 | BJ12: 0 | BN12: 0 | BO12: 0 | BR12: 0 | BS12: 0 | BV12: 0 | BX12: 0 | CA12: 0 | CC12: 9 | CE12: 1 | CF12: 2 | CG12: =SUM(CE12:CF12) -> 3 | CH12: 288 | CI12: 235 | CN12: =SUM(CH12:CM12) -> 523 | CO12: 9 | CS12: 12 | CU12: 21 | CW12: SUCCESS | DA12: =IF(CN12=0,0,IF(CN12<1001,30000 * 3,IF(CN12="","",50000*3))) -> 90000
A13: 8 | B13: CHRIST APOSTOLIC GRAMMAR SCHOOL(SENIOR),IPERU | C13: REMO CENTRAL | F13: 5 | G13: 0 | I13: 0 | K13: 0 | N13: 0 | P13: 0 | R13: 0 | V13: 0 | Y13: 0 | AA13: 0 | AC13: 0 | AF13: 0 | AH13: 0 | AJ13: 0 | AK13: 0 | AN13: 0 | AQ13: 0 | AS13: 6 | AU13: 173 | AW13: 160 | AY13: 333 | AZ13: 5 | BB13: 156 | BF13: 132 | BH13: 288 | BJ13: 5 | BN13: 98 | BO13: 127 | BR13: 225 | BS13: 16 | BV13: 427 | BX13: 419 | CA13: 846 | CC13: 16 | CE13: 1 | CF13: 2 | CG13: =SUM(CE13:CF13) -> 3 | CH13: 386 | CI13: 431 | CN13: =SUM(CH13:CM13) -> 817 | CO13: 20 | CS13: 11 | CU13: 31 | CW13: SUCCESS | DA13: =IF(CN13=0,0,IF(CN13<1001,30000 * 3,IF(CN13="","",50000*3))) -> 90000
A14: 9 | B14: IKENNE COMMUNITY HIGH SCHOOL(SENIOR), IKENNE | C14: IKENNE | F14: 2 | G14: 0 | I14: 0 | K14: 0 | N14: 0 | P14: 0 | R14: 0 | V14: 0 | Y14: 0 | AA14: 0 | AC14: 0 | AF14: 0 | AH14: 0 | AJ14: 0 | AK14: 0 | AN14: 0 | AQ14: 0 | AS14: 7 | AU14: 102 | AW14: 129 | AY14: 231 | AZ14: 7 | BB14: 133 | BF14: 131 | BH14: 264 | BJ14: 7 | BN14: 143 | BO14: 139 | BR14: 282 | BS14: 21 | BV14: 378 | BX14: 399 | CA14: 777 | CC14: 21 | CE14: 1 | CF14: 2 | CG14: =SUM(CE14:CF14) -> 3 | CH14: 366 | CI14: 409 | CN14: =SUM(CH14:CM14) -> 775 | CO14: 13 | CS14: 16 | CU14: 29 | CW14: SUCCESS | DA14: =IF(CN14=0,0,IF(CN14<1001,30000 * 3,IF(CN14="","",50000*3))) -> 90000
A15: 10 | B15: ILISAN HIGH SCHOOL(SENIOR),ILISHAN | C15: IKENNE | F15: 7 | G15: 0 | I15: 0 | K15: 0 | N15: 0 | P15: 0 | R15: 0 | V15: 0 | Y15: 0 | AA15: 0 | AC15: 0 | AF15: 0 | AH15: 0 | AJ15: 0 | AK15: 0 | AN15: 0 | AQ15: 0 | AS15: 3 | AU15: 114 | AW15: 124 | AY15: 238 | AZ15: 3 | BB15: 85 | BF15: 88 | BH15: 173 | BJ15: 3 | BN15: 40 | BO15: 46 | BR15: 86 | BS15: 9 | BV15: 239 | BX15: 258 | CA15: 497 | CC15: 9 | CE15: 1 | CF15: 2 | CG15: =SUM(CE15:CF15) -> 3 | CH15: 222 | CI15: 264 | CN15: =SUM(CH15:CM15) -> 486 | CO15: 6 | CS15: 11 | CU15: 17 | CW15: SUCCESS | DA15: =IF(CN15=0,0,IF(CN15<1001,30000 * 3,IF(CN15="","",50000*3))) -> 90000
A16: 11 | B16: ISANBI COMPREHENSIVE HIGH SCHOOL(SENIOR),ILISHAN | C16: IKENNE | F16: 7 | G16: 0 | I16: 0 | K16: 0 | N16: 0 | P16: 0 | R16: 0 | V16: 0 | Y16: 0 | AA16: 0 | AC16: 0 | AF16: 0 | AH16: 0 | AJ16: 0 | AK16: 0 | AN16: 0 | AQ16: 0 | AS16: 3 | AU16: 43 | AW16: 66 | AY16: 109 | AZ16: 3 | BB16: 43 | BF16: 69 | BH16: 112 | BJ16: 3 | BN16: 34 | BO16: 53 | BR16: 87 | BS16: 9 | BV16: 120 | BX16: 188 | CA16: 308 | CC16: 9 | CE16: 1 | CF16: 2 | CG16: =SUM(CE16:CF16) -> 3 | CH16: 129 | CI16: 214 | CN16: =SUM(CH16:CM16) -> 343 | CO16: 13 | CS16: 7 | CU16: 20 | CW16: SUCCESS | DA16: =IF(CN16=0,0,IF(CN16<1001,30000 * 3,IF(CN16="","",50000*3))) -> 90000
A17: 12 | B17: MAYFLOWER SCHOOL (SENIOR),IKENNE | C17: IKENNE | F17: 1 | G17: 0 | I17: 0 | K17: 0 | N17: 0 | P17: 0 | R17: 0 | V17: 0 | Y17: 0 | AA17: 0 | AC17: 0 | AF17: 0 | AH17: 0 | AJ17: 0 | AK17: 0 | AN17: 0 | AQ17: 0 | AS17: 10 | AU17: 454 | AW17: 463 | AY17: 917 | AZ17: 9 | BB17: 393 | BF17: 394 | BH17: 787 | BJ17: 8 | BN17: 291 | BO17: 293 | BR17: 584 | BS17: 27 | BV17: 1138 | BX17: 1150 | CA17: 2288 | CC17: 27 | CE17: 0 | CF17: 2 | CG17: =SUM(CE17:CF17) -> 2 | CH17: 1165 | CI17: 1191 | CN17: =SUM(CH17:CM17) -> 2356 | CO17: 19 | CS17: 21 | CU17: 40 | CW17: SUCCESS | DA17: =IF(CN17=0,0,IF(CN17<1001,30000 * 3,IF(CN17="","",50000*3))) -> 150000
... A23: 18 | B23: OGERE COMMUNITY HIGH SCHOOL,OGERE | C23: REMO CENTRAL | F23: 6 | G23: 1 | I23: 53 | K23: 21 | N23: 74 | P23: 2 | R23: 58 | V23: 52 | Y23: 110 | AA23: 1 | AC23: 27 | AF23: 43 | AH23: 70 | AJ23: 4 | AK23: 138 | AN23: 116 | AQ23: 254 | AS23: 1 | AU23: 31 | AW23: 25 | AY23: 56 | AZ23: 1 | BB23: 36 | BF23: 29 | BH23: 65 | BJ23: 1 | BN23: 17 | BO23: 14 | BR23: 31 | BS23: 3 | BV23: 84 | BX23: 68 | CA23: 152 | CC23: 7 | CE23: 1 | CF23: 2 | CG23: =SUM(CE23:CF23) -> 3 | CH23: 209 | CI23: 188 | CN23: =SUM(CH23:CM23) -> 397 | CO23: 8 | CS23: 8 | CU23: 16 | CW23: SUCCESS | DA23: =IF(CN23=0,0,IF(CN23<1001,30000 * 3,IF(CN23="","",50000*3))) -> 90000
G24: 35 | I24: 1416 | K24: 1300 | N24: 2716 | P24: 38 | R24: 1257 | V24: 1286 | Y24: 2543 | AA24: 35 | AC24: 1154 | AF24: 1230 | AH24: 2384 | AJ24: 108 | AK24: 3827 | AN24: 3816 | AQ24: 7643 | AS24: 44 | AU24: 1207 | AW24: 1301 | AY24: 2508 | AZ24: 42 | BB24: 1175 | BF24: 1133 | BH24: 2308 | BJ24: 41 | BN24: 831 | BO24: 878 | BR24: 1709 | BS24: 127 | BV24: 3213 | BX24: 3312 | CA24: 6525 | CC24: 235 | CE24: =SUM(CE6:CE23) -> 16 | CF24: =SUM(CF6:CF23) -> 37 | CG24: =SUM(CG6:CG23) -> 53 | CH24: =SUM(CH6:CH23) -> 7191 | CI24: =SUM(CI6:CI23) -> 7378 | CN24: =SUM(CN6:CN23) -> 14569 | CO24: 193 | CS24: 233 | CU24: 426 | CW24: 18 | DA24: =SUM(DA6:DA23) -> 1800000
A25: AMOUNT DUE FOR ZEO @ ₦20 per candidate = | CO25: 10 | CR25: 21 | CU25: 31 | DA25: =CM24*20 -> 0
A26: TOTAL RUNNING COST REQUIRED FOR IKENNE | CO26: 286 | CR26: 629 | CU26: 915 | CW26: LESS GSTC TEACHERS | DA26: =DA24+DA25 -> 1800000
CI27: =COUNTIF(CM6:CN23, "<1000") -> 15 | CJ27: =COUNTIF(CM6:CN23, ">1000") -> 3

Sheet Ijebu North New
B2: DEPARTMENT OF SECONDARY EDUCATION
B3: SITUATION REPORT OF PUBLIC SECONDARY SCHOOLS IN THE ZONE
B4: ZONE: IJEBU NORTH
A6: S/N | B6: NAME OF SCHOOL
B8: JUNIOR SCHOOL
A9: 1 | B9: ABOBI COMPREHESIVE HIGH SCHOOL JUNIOR AGO IWOYE
A10: 2 | B10: ABUSI ODUMARE ACADEMY JUNIOR IJEBU IGBO
A11: 3 | B11: AGO IWOYE SECONDARY SCHOOL JUNIOR AGO IWOYE
A12: 4 | B12: AHMADIYYA HIGH SCHOOL JUNIOR AGO IWOYE
A13: 5 | B13: BEJE HIGH SCHOOL JUNIOR IJEBU IGBO
A14: 6 | B14: FOWOSEJE COMPREHENSIVE HIGH SCHOOL JUNIOR AGO IWOYE
A15: 7 | B15: ITAMERIN COMPREHENSIVE HIGH SCHOOL JUNIOR ORU IJEBU
A16: 8 | B16: JAPARA HIGH SCHOOL JUNIOR IJEBU IGBO
A17: 9 | B17: KEGBO COMMUNITY COMPREHENSIVE HIGH SCHOOL JUNIOR IJEBU IGBO
A18: 10 | B18: METHODIST COMPREHENSIVE HIGH SCHOOL JUNIOR AGO IWOYE
A19: 11 | B19: MUSLIM HIGH SCHOOL JUNIOR AGO IWOYE
A20: 12 | B20: OBANTA COMPREHENSIVE HIGH SCHOOL JUNIOR AWA IJEBU
... A25: 17 | B25: GOVERNMENT SCIENCE AND TECHNICAL COLLEGE
B26: SENIOR SCHOOLS
A27: 1 | B27: ABOBI COMPREHENSIVE HIGH SCHOOL SENIOR AGO IWOYE
A28: 2 | B28: ABUSI ODUMARE ACADEMY SENIOR IJEBU IGBO
A29: 3 | B29: AGO IWOYE SECONDARY SCHOOL SENIOR AGO IWOYE
A30: 4 | B30: AHMADIYYA HIGH SCHOOL SENIOR AGO IWOYE
A31: 5 | B31: BEJE HIGH SCHOOL SENIOR IJEBU IGBO
A32: 6 | B32: FOWOSEJE COMPREHENSIVE HIGH SCHOOL SENIOR AGO IWOYE
A33: 7 | B33: ITAMERIN COMPREHENSIVE HIGH SCHOOL SENIOR ORU IJEBU
A34: 8 | B34: JAPARA HIGH SCHOOL SENIOR IJEBU IGBO
A35: 9 | B35: KEGBO COMMUNITY COMPREHENSIVE HIGH SCHOOL SENIOR IJEBU IGBO
A36: 10 | B36: METHODIST COMPREHENSIVE HIGH SCHOOL SENIOR AGO IWOYE
A37: 11 | B37: MUSILM HIGH SCHOOL SENIOR AGO IWOYE
A38: 12 | B38: OBANTA COMPREHENSIVE HIGH SCHOOL SENIOR AWA IJEBU
... A42: 16 | B42: IJEBU IGBO GIRLS GRAMMAR SCHOOL SENIOR IJEBU-IGBO
B43: COMBINED SCHOOLS
A44: 1 | B44: LADUGBO COMMUNITY COMPREHENSIVE HIGH SCHOOL IJEBU IGBO
A45: 2 | B45: MAMU COMMUNITY COMPREHENSIVE HIGH SCHOOL MAMU IJEBU
A46: 3 | B46: OLOKINE GRAMMAR SCHOOL IJEBU-IGBO
A49: =COUNTA(A9:A46) -> 36

Sheet Ijebu North
A1: MINISTRY OF EDUCATION SCIENCE AND TECHNOLOGY
A2: DEPARTMENT OF SECONDARY
A3: RUNNING COST ANALYSIS BY ZONES
A4: IJEBU NORTH
A6: S/N | B6: NAME OF SCHOOLS ( IN FULL AND UPPER CASE) | D6: L.G/LCDA | H6: WARD | I6: J S S 1 | Q6: J S S 2 | Y6: J S S 3 | AG6: SUB TOTAL J S S 1 - J S S 3 | AO6: S S S 1 | AX6: S S S 2 | BD6: S S S 3 | BM6: SUB TOTAL S S S 1 - S S S 3 | CH6: RUNNING COST @ ₦30,000 FOR LEARNERS < 1000 PER MONTH FOR 3 MONTHS & @ ₦50,000 FOR LEARNERS > 1000 PER MONTH FOR 3 MONTHS
I7: ARM | K7: M | M7: F | O7: T | Q7: ARM | R7: M | U7: F | W7: T | Y7: ARM | AA7: M | AC7: F | AE7: T | AG7: ARM | AI7: M | AK7: F | AM7: T | AO7: ARM | AR7: M | AT7: F | AV7: T | AX7: ARM | AZ7: M | BA7: F | BB7: T | BD7: ARM | BF7: M | BI7: F | BK7: T | BM7: ARM | BQ7: M | BR7: F | BT7: T | BV7: ARM | BY7: M | CA7: F | CD7: T
A8: 1 | B8: ABOBICOMPREHESIVE HIGH SCHOOL JUNIOR AGO IWOYE | D8: AGO-IWOYE | H8: 8 | I8: 3 | K8: 125 | M8: 89 | O8: 214 | Q8: 3 | R8: 72 | U8: 79 | W8: 151 | Y8: 3 | AA8: 38 | AC8: 36 | AE8: 74 | AG8: 9 | AI8: 235 | AK8: 204 | AM8: 439 | AO8: 0 | AR8: 0 | AT8: 0 | AV8: 0 | AX8: 0 | AZ8: 0 | BA8: 0 | BB8: 0 | BD8: 0 | BF8: 0 | BI8: 0 | BK8: 0 | BM8: 0 | BQ8: 0 | BR8: 0 | BT8: 0 | BV8: 9 | BY8: 235 | CA8: 204 | CD8: 439 | CH8: =CD8*150 -> 65850 | CI8: =IF(CD8<1001,30000 * 3,50000*3) -> 90000
A9: 2 | B9: ABUSI ODUMARE ACADEMY JUNIOR IJEBU IGBO | D9: IJEBU NORTH | H9: 6 | I9: 7 | K9: 204 | M9: 161 | O9: 365 | Q9: 8 | R9: 216 | U9: 215 | W9: 431 | Y9: 6 | AA9: 152 | AC9: 168 | AE9: 320 | AG9: 21 | AI9: 572 | AK9: 544 | AM9: 1116 | AO9: 0 | AR9: 0 | AT9: 0 | AV9: 0 | AX9: 0 | AZ9: 0 | BA9: 0 | BB9: 0 | BD9: 0 | BF9: 0 | BI9: 0 | BK9: 0 | BM9: 0 | BQ9: 0 | BR9: 0 | BT9: 0 | BV9: 21 | BY9: 572 | CA9: 544 | CD9: 1116 | CH9: =CD9*150 -> 167400 | CI9: =IF(CD9<1001,30000 * 3,50000*3) -> 150000
A10: 3 | B10: AGO IWOYE SECONDARY SCHOOL JUNIOR AGO IWOYE | D10: IJEBU NORTH | H10: 9 | I10: 4 | K10: 110 | M10: 89 | O10: 199 | Q10: 4 | R10: 84 | U10: 88 | W10: 172 | Y10: 3 | AA10: 74 | AC10: 59 | AE10: 133 | AG10: 11 | AI10: 268 | AK10: 236 | AM10: 504 | AO10: 0 | AR10: 0 | AT10: 0 | AV10: 0 | AX10: 0 | AZ10: 0 | BA10: 0 | BB10: 0 | BD10: 0 | BF10: 0 | BI10: 0 | BK10: 0 | BM10: 0 | BQ10: 0 | BR10: 0 | BT10: 0 | BV10: 11 | BY10: 268 | CA10: 236 | CD10: 504 | CH10: =CD10*150 -> 75600 | CI10: =IF(CD10<1001,30000 * 3,50000*3) -> 90000
A11: 4 | B11: AHMADIYYA HIGH SCHOOL JUNIOR AGO IWOYE | D11: AGO-IWOYE | H11: 9 | I11: 1 | K11: 16 | M11: 10 | O11: 26 | Q11: 1 | R11: 19 | U11: 18 | W11: 37 | Y11: 1 | AA11: 25 | AC11: 34 | AE11: 59 | AG11: 3 | AI11: 60 | AK11: 62 | AM11: 122 | AO11: 0 | AR11: 0 | AT11: 0 | AV11: 0 | AX11: 0 | AZ11: 0 | BA11: 0 | BB11: 0 | BD11: 0 | BF11: 0 | BI11: 0 | BK11: 0 | BM11: 0 | BQ11: 0 | BR11: 0 | BT11: 0 | BV11: 3 | BY11: 60 | CA11: 62 | CD11: 122 | CH11: =CD11*150 -> 18300 | CI11: =IF(CD11<1001,30000 * 3,50000*3) -> 90000
A12: 5 | B12: BEJE HIGH SCHOOL JUNIOR IJEBU IGBO | D12: IJEBU NORTH | H12: 5 | I12: 4 | K12: 161 | M12: 148 | O12: 309 | Q12: 3 | R12: 107 | U12: 129 | W12: 236 | Y12: 3 | AA12: 87 | AC12: 103 | AE12: 190 | AG12: 10 | AI12: 355 | AK12: 380 | AM12: 735 | AO12: 0 | AR12: 0 | AT12: 0 | AV12: 0 | AX12: 0 | AZ12: 0 | BA12: 0 | BB12: 0 | BD12: 0 | BF12: 0 | BI12: 0 | BK12: 0 | BM12: 0 | BQ12: 0 | BR12: 0 | BT12: 0 | BV12: 10 | BY12: 355 | CA12: 380 | CD12: 735 | CH12: =CD12*150 -> 110250 | CI12: =IF(CD12<1001,30000 * 3,50000*3) -> 90000
A13: 6 | B13: FOWOSEJE COMPREHENSIVE HIGH SCHOOL JUNIOR AGO IWOYE | D13: AGO-IWOYE | H13: 9 | I13: 2 | K13: 58 | M13: 52 | O13: 110 | Q13: 2 | R13: 45 | U13: 33 | W13: 78 | Y13: 2 | AA13: 59 | AC13: 59 | AE13: 118 | AG13: 6 | AI13: 162 | AK13: 144 | AM13: 306 | AO13: 0 | AR13: 0 | AT13: 0 | AV13: 0 | AX13: 0 | AZ13: 0 | BA13: 0 | BB13: 0 | BD13: 0 | BF13: 0 | BI13: 0 | BK13: 0 | BM13: 0 | BQ13: 0 | BR13: 0 | BT13: 0 | BV13: 6 | BY13: 162 | CA13: 144 | CD13: 306 | CH13: =CD13*150 -> 45900 | CI13: =IF(CD13<1001,30000 * 3,50000*3) -> 90000
A14: 7 | B14: ITAMERIN COMPREHENSIVE HIGH SCHOOL JUNIOR ORU IJEBU | D14: IJEBU NORTH CENTRAL | H14: 7 | I14: 3 | K14: 101 | M14: 100 | O14: 201 | Q14: 3 | R14: 82 | U14: 89 | W14: 171 | Y14: 3 | AA14: 125 | AC14: 97 | AE14: 222 | AG14: 9 | AI14: 308 | AK14: 286 | AM14: 594 | AO14: 0 | AR14: 0 | AT14: 0 | AV14: 0 | AX14: 0 | AZ14: 0 | BA14: 0 | BB14: 0 | BD14: 0 | BF14: 0 | BI14: 0 | BK14: 0 | BM14: 0 | BQ14: 0 | BR14: 0 | BT14: 0 | BV14: 9 | BY14: 308 | CA14: 286 | CD14: 594 | CH14: =CD14*150 -> 89100 | CI14: =IF(CD14<1001,30000 * 3,50000*3) -> 90000
A15: 8 | B15: JAPARA HIGH SCHOOL JUNIOR IJEBU IGBO | D15: IJEBU IGBU WEST | H15: 2 | I15: 3 | K15: 113 | M15: 74 | O15: 187 | Q15: 3 | R15: 124 | U15: 116 | W15: 240 | Y15: 3 | AA15: 91 | AC15: 82 | AE15: 173 | AG15: 9 | AI15: 328 | AK15: 272 | AM15: 600 | AO15: 0 | AR15: 0 | AT15: 0 | AV15: 0 | AX15: 0 | AZ15: 0 | BA15: 0 | BB15: 0 | BD15: 0 | BF15: 0 | BI15: 0 | BK15: 0 | BM15: 0 | BQ15: 0 | BR15: 0 | BT15: 0 | BV15: 9 | BY15: 328 | CA15: 272 | CD15: 600 | CH15: =CD15*150 -> 90000 | CI15: =IF(CD15<1001,30000 * 3,50000*3) -> 90000
A16: 9 | B16: KEGBO COMMUNITY COMPREHENSIVE HIGH SCHOOL JUNIOR IJEBU IGBO | D16: IJEBU IGBO WEST | H16: 1 | I16: 3 | K16: 85 | M16: 59 | O16: 144 | Q16: 3 | R16: 74 | U16: 76 | W16: 150 | Y16: 3 | AA16: 70 | AC16: 76 | AE16: 146 | AG16: 9 | AI16: 229 | AK16: 211 | AM16: 440 | AO16: 0 | AR16: 0 | AT16: 0 | AV16: 0 | AX16: 0 | AZ16: 0 | BA16: 0 | BB16: 0 | BD16: 0 | BF16: 0 | BI16: 0 | BK16: 0 | BM16: 0 | BQ16: 0 | BR16: 0 | BT16: 0 | BV16: 9 | BY16: 229 | CA16: 211 | CD16: 440 | CH16: =CD16*150 -> 66000 | CI16: =IF(CD16<1001,30000 * 3,50000*3) -> 90000
A17: 10 | B17: LADUGBO COMMUNITY COMPREHENSIVE HIGH SCHOOL IJEBU IGBO | D17: IJEBU NORTH | H17: 5 | I17: 2 | K17: 34 | M17: 22 | O17: 56 | Q17: 2 | R17: 24 | U17: 28 | W17: 52 | Y17: 1 | AA17: 22 | AC17: 19 | AE17: 41 | AG17: 5 | AI17: 80 | AK17: 69 | AM17: 149 | AO17: 1 | AR17: 27 | AT17: 17 | AV17: 44 | AX17: 1 | AZ17: 22 | BA17: 17 | BB17: 39 | BD17: 1 | BF17: 14 | BI17: 14 | BK17: 28 | BM17: 3 | BQ17: 63 | BR17: 48 | BT17: 111 | BV17: 8 | BY17: 143 | CA17: 117 | CD17: 260 | CH17: =CD17*150 -> 39000 | CI17: =IF(CD17<1001,30000 * 3,50000*3) -> 90000
A18: 11 | B18: MAMU COMMUNITY COMPREHENSIVE HIGH SCHOOL MAMU IJEBU | D18: IJEBU NORTH | H18: 11 | I18: 3 | K18: 59 | M18: 60 | O18: 119 | Q18: 3 | R18: 60 | U18: 58 | W18: 118 | Y18: 3 | AA18: 64 | AC18: 56 | AE18: 120 | AG18: 9 | AI18: 183 | AK18: 174 | AM18: 357 | AO18: 2 | AR18: 43 | AT18: 44 | AV18: 87 | AX18: 2 | AZ18: 49 | BA18: 37 | BB18: 86 | BD18: 2 | BF18: 26 | BI18: 33 | BK18: 59 | BM18: 6 | BQ18: 118 | BR18: 114 | BT18: 232 | BV18: 15 | BY18: 301 | CA18: 288 | CD18: 589 | CH18: =CD18*150 -> 88350 | CI18: =IF(CD18<1001,30000 * 3,50000*3) -> 90000
A19: 12 | B19: METHODIST COMPREHENSIVE HIGH SCHOOL JUNIOR AGO IWOYE | D19: AGO-IWOYE | H19: 7 | I19: 4 | K19: 126 | M19: 144 | O19: 270 | Q19: 3 | R19: 113 | U19: 102 | W19: 215 | Y19: 3 | AA19: 87 | AC19: 81 | AE19: 168 | AG19: 10 | AI19: 326 | AK19: 327 | AM19: 653 | AO19: 0 | AR19: 0 | AT19: 0 | AV19: 0 | AX19: 0 | AZ19: 0 | BA19: 0 | BB19: 0 | BD19: 0 | BF19: 0 | BI19: 0 | BK19: 0 | BM19: 0 | BQ19: 0 | BR19: 0 | BT19: 0 | BV19: 10 | BY19: 326 | CA19: 327 | CD19: 653 | CH19: =CD19*150 -> 97950 | CI19: =IF(CD19<1001,30000 * 3,50000*3) -> 90000
... A26: 19 | B26: IJEBU IGBO GIRLS GRAMMAR SCHOOL IJEBU-IGBO | D26: IJEBU IGBO WEST | H26: 2 | I26: 4 | K26: 0 | M26: 182 | O26: 182 | Q26: 4 | R26: 0 | U26: 141 | W26: 141 | Y26: 4 | AA26: 0 | AC26: 153 | AE26: 153 | AG26: 12 | AI26: 0 | AK26: 476 | AM26: 476 | AO26: 0 | AR26: 0 | AT26: 0 | AV26: 0 | AX26: 0 | AZ26: 0 | BA26: 0 | BB26: 0 | BD26: 0 | BF26: 0 | BI26: 0 | BK26: 0 | BM26: 0 | BQ26: 0 | BR26: 0 | BT26: 0 | BV26: 12 | BY26: 0 | CA26: 476 | CD26: 476 | CH26: =CD26*150 -> 71400 | CI26: =IF(CD26<1001,30000 * 3,50000*3) -> 90000
A27: 20 | B27: GOVERNMENT TECHNICAL COLLEGE, IJEBU IGBO | D27: IJEBU NORTH | H27: 1 | I27: 1 | K27: 22 | M27: 7 | O27: 29 | Q27: 1 | R27: 24 | U27: 18 | W27: 42 | Y27: 1 | AA27: 22 | AC27: 13 | AE27: 35 | AG27: 3 | AI27: 68 | AK27: 38 | AM27: 106 | AO27: 0 | AR27: 0 | AT27: 0 | AV27: 0 | AX27: 0 | AZ27: 0 | BA27: 0 | BB27: 0 | BD27: 0 | BF27: 0 | BI27: 0 | BK27: 0 | BM27: 0 | BQ27: 0 | BR27: 0 | BT27: 0 | BV27: 3 | BY27: 68 | CA27: 38 | CD27: 106 | CH27: =CD27*1200 -> 127200 | CI27: =IF(CD27<1001,30000 * 3,50000*3) -> 90000
A28: 21 | B28: ABOBI COMPREHENSIVE HIGH SCHOOL SENIOR AGO IWOYE | D28: AGO IWOYE | H28: 9 | I28: 0 | K28: 0 | M28: 0 | O28: 0 | Q28: 0 | R28: 0 | U28: 0 | W28: 0 | Y28: 0 | AA28: 0 | AC28: 0 | AE28: 0 | AG28: 0 | AI28: 0 | AK28: 0 | AM28: 0 | AO28: 3 | AR28: 58 | AT28: 78 | AV28: 136 | AX28: 2 | AZ28: 40 | BA28: 39 | BB28: 79 | BD28: 3 | BF28: 55 | BI28: 51 | BK28: 106 | BM28: 8 | BQ28: 153 | BR28: 168 | BT28: 321 | BV28: 8 | BY28: 153 | CA28: 168 | CD28: 321 | CH28: =CD28*150 -> 48150 | CI28: =IF(CD28<1001,30000 * 3,50000*3) -> 90000
A29: 22 | B29: ABUSI ODUMARE ACADEMY SENIOR IJEBU IGBO | D29: IJEBU NORTH | H29: 6 | I29: 0 | K29: 0 | M29: 0 | O29: 0 | Q29: 0 | R29: 0 | U29: 0 | W29: 0 | Y29: 0 | AA29: 0 | AC29: 0 | AE29: 0 | AG29: 0 | AI29: 0 | AK29: 0 | AM29: 0 | AO29: 6 | AR29: 155 | AT29: 112 | AV29: 267 | AX29: 3 | AZ29: 126 | BA29: 73 | BB29: 199 | BD29: 3 | BF29: 76 | BI29: 55 | BK29: 131 | BM29: 12 | BQ29: 357 | BR29: 240 | BT29: 597 | BV29: 12 | BY29: 357 | CA29: 240 | CD29: 597 | CH29: =CD29*150 -> 89550 | CI29: =IF(CD29<1001,30000 * 3,50000*3) -> 90000
A30: 23 | B30: AGO IWOYE SECONDARY SCHOOL SENIOR AGO IWOYE | D30: AGO IWOYE | H30: 0 | I30: 0 | K30: 0 | M30: 0 | O30: 0 | Q30: 0 | R30: 0 | U30: 0 | W30: 0 | Y30: 0 | AA30: 0 | AC30: 0 | AE30: 0 | AG30: 0 | AI30: 0 | AK30: 0 | AM30: 0 | AO30: 3 | AR30: 51 | AT30: 52 | AV30: 103 | AX30: 3 | AZ30: 76 | BA30: 59 | BB30: 135 | BD30: 3 | BF30: 48 | BI30: 46 | BK30: 94 | BM30: 9 | BQ30: 175 | BR30: 157 | BT30: 332 | BV30: 9 | BY30: 175 | CA30: 157 | CD30: 332 | CH30: =CD30*150 -> 49800 | CI30: =IF(CD30<1001,30000 * 3,50000*3) -> 90000
A31: 24 | B31: AHMADIYYA HIGH SCHOOL SENIOR AGO IWOYE | D31: IJEBU NORTH | H31: 9 | I31: 0 | K31: 0 | M31: 0 | O31: 0 | Q31: 0 | R31: 0 | U31: 0 | W31: 0 | Y31: 0 | AA31: 0 | AC31: 0 | AE31: 0 | AG31: 0 | AI31: 0 | AK31: 0 | AM31: 0 | AO31: 1 | AR31: 34 | AT31: 36 | AV31: 70 | AX31: 1 | AZ31: 42 | BA31: 26 | BB31: 68 | BD31: 1 | BF31: 16 | BI31: 12 | BK31: 28 | BM31: 3 | BQ31: 92 | BR31: 74 | BT31: 166 | BV31: 3 | BY31: 92 | CA31: 74 | CD31: 166 | CH31: =CD31*150 -> 24900 | CI31: =IF(CD31<1001,30000 * 3,50000*3) -> 90000
A32: 25 | B32: BEJE HIGH SCHOOL SENIOR IJEBU IGBO | D32: IJEBU NORTH | H32: 5 | I32: 0 | K32: 0 | M32: 0 | O32: 0 | Q32: 0 | R32: 0 | U32: 0 | W32: 0 | Y32: 0 | AA32: 0 | AC32: 0 | AE32: 0 | AG32: 0 | AI32: 0 | AK32: 0 | AM32: 0 | AO32: 3 | AR32: 72 | AT32: 94 | AV32: 166 | AX32: 3 | AZ32: 84 | BA32: 74 | BB32: 158 | BD32: 3 | BF32: 44 | BI32: 48 | BK32: 92 | BM32: 9 | BQ32: 200 | BR32: 216 | BT32: 416 | BV32: 9 | BY32: 200 | CA32: 216 | CD32: 416 | CH32: =CD32*150 -> 62400 | CI32: =IF(CD32<1001,30000 * 3,50000*3) -> 90000
A33: 26 | B33: FOWOSEJE COMPREHENSIVE HIGH SCHOOL SENIOR AGO IWOYE | D33: AGO-IWOYE | H33: 9 | I33: 0 | K33: 0 | M33: 0 | O33: 0 | Q33: 0 | R33: 0 | U33: 0 | W33: 0 | Y33: 0 | AA33: 0 | AC33: 0 | AE33: 0 | AG33: 0 | AI33: 0 | AK33: 0 | AM33: 0 | AO33: 2 | AR33: 43 | AT33: 49 | AV33: 92 | AX33: 2 | AZ33: 42 | BA33: 25 | BB33: 67 | BD33: 2 | BF33: 22 | BI33: 30 | BK33: 52 | BM33: 6 | BQ33: 107 | BR33: 104 | BT33: 211 | BV33: 6 | BY33: 107 | CA33: 104 | CD33: 211 | CH33: =CD33*150 -> 31650 | CI33: =IF(CD33<1001,30000 * 3,50000*3) -> 90000
A34: 27 | B34: ITAMERIN COMPREHENSIVE HIGH SCHOOL SENIOR ORU IJEBU | D34: IJEBU NORTH CENTRAL | H34: 5 | I34: 0 | K34: 0 | M34: 0 | O34: 0 | Q34: 0 | R34: 0 | U34: 0 | W34: 0 | Y34: 0 | AA34: 0 | AC34: 0 | AE34: 0 | AG34: 0 | AI34: 0 | AK34: 0 | AM34: 0 | AO34: 3 | AR34: 79 | AT34: 73 | AV34: 152 | AX34: 3 | AZ34: 76 | BA34: 68 | BB34: 144 | BD34: 2 | BF34: 45 | BI34: 42 | BK34: 87 | BM34: 8 | BQ34: 200 | BR34: 183 | BT34: 383 | BV34: 8 | BY34: 200 | CA34: 183 | CD34: 383 | CH34: =CD34*150 -> 57450 | CI34: =IF(CD34<1001,30000 * 3,50000*3) -> 90000
A35: 28 | B35: JAPARA HIGH SCHOOL SENIOR IJEBU IGBO | D35: IJEBU IGBO WEST | H35: 2 | I35: 0 | K35: 0 | M35: 0 | O35: 0 | Q35: 0 | R35: 0 | U35: 0 | W35: 0 | Y35: 0 | AA35: 0 | AC35: 0 | AE35: 0 | AG35: 0 | AI35: 0 | AK35: 0 | AM35: 0 | AO35: 3 | AR35: 76 | AT35: 52 | AV35: 128 | AX35: 3 | AZ35: 47 | BA35: 48 | BB35: 95 | BD35: 3 | BF35: 44 | BI35: 32 | BK35: 76 | BM35: 9 | BQ35: 167 | BR35: 132 | BT35: 299 | BV35: 9 | BY35: 167 | CA35: 132 | CD35: 299 | CH35: =CD35*150 -> 44850 | CI35: =IF(CD35<1001,30000 * 3,50000*3) -> 90000
A36: 29 | B36: KEGBO COMMUNITY COMPREHENSIVE HIGH SCHOOL SENIOR IJEBU IGBO | D36: IJEBU IGBO WEST | H36: 1 | I36: 0 | K36: 0 | M36: 0 | O36: 0 | Q36: 0 | R36: 0 | U36: 0 | W36: 0 | Y36: 0 | AA36: 0 | AC36: 0 | AE36: 0 | AG36: 0 | AI36: 0 | AK36: 0 | AM36: 0 | AO36: 3 | AR36: 37 | AT36: 39 | AV36: 76 | AX36: 3 | AZ36: 57 | BA36: 44 | BB36: 101 | BD36: 3 | BF36: 37 | BI36: 34 | BK36: 71 | BM36: 9 | BQ36: 131 | BR36: 117 | BT36: 248 | BV36: 9 | BY36: 131 | CA36: 117 | CD36: 248 | CH36: =CD36*150 -> 37200 | CI36: =IF(CD36<1001,30000 * 3,50000*3) -> 90000
A37: 30 | B37: METHODIST COMPREHENSIVE HIGH SCHOOL JUNIOR AGO IWOYE | D37: AGO IWOYE | H37: 8 | I37: 0 | K37: 0 | M37: 0 | O37: 0 | Q37: 0 | R37: 0 | U37: 0 | W37: 0 | Y37: 0 | AA37: 0 | AC37: 0 | AE37: 0 | AG37: 0 | AI37: 0 | AK37: 0 | AM37: 0 | AO37: 3 | AR37: 90 | AT37: 102 | AV37: 192 | AX37: 3 | AZ37: 63 | BA37: 62 | BB37: 125 | BD37: 3 | BF37: 70 | BI37: 62 | BK37: 132 | BM37: 9 | BQ37: 223 | BR37: 226 | BT37: 449 | BV37: 9 | BY37: 223 | CA37: 226 | CD37: 449 | CH37: =CD37*150 -> 67350 | CI37: =IF(CD37<1001,30000 * 3,50000*3) -> 90000
A38: 31 | B38: MUSILM HIGH SCHOOL SENIOR AGO IWOYE | D38: AGO IWOYE | H38: 9 | I38: 0 | K38: 0 | M38: 0 | O38: 0 | Q38: 0 | R38: 0 | U38: 0 | W38: 0 | Y38: 0 | AA38: 0 | AC38: 0 | AE38: 0 | AG38: 0 | AI38: 0 | AK38: 0 | AM38: 0 | AO38: 4 | AR38: 100 | AT38: 103 | AV38: 203 | AX38: 4 | AZ38: 96 | BA38: 106 | BB38: 202 | BD38: 3 | BF38: 45 | BI38: 54 | BK38: 99 | BM38: 11 | BQ38: 241 | BR38: 263 | BT38: 504 | BV38: 11 | BY38: 241 | CA38: 263 | CD38: 504 | CH38: =CD38*150 -> 75600 | CI38: =IF(CD38<1001,30000 * 3,50000*3) -> 90000
A39: 32 | B39: OBANTA COMPREHENSIVE HIGH SCHOOL SENIOR AWA IJEBU | D39: IJEBU NORTH | H39: 7 | I39: 0 | K39: 0 | M39: 0 | O39: 0 | Q39: 0 | R39: 0 | U39: 0 | W39: 0 | Y39: 0 | AA39: 0 | AC39: 0 | AE39: 0 | AG39: 0 | AI39: 0 | AK39: 0 | AM39: 0 | AO39: 3 | AR39: 20 | AT39: 33 | AV39: 53 | AX39: 3 | AZ39: 33 | BA39: 32 | BB39: 65 | BD39: 3 | BF39: 36 | BI39: 40 | BK39: 76 | BM39: 9 | BQ39: 89 | BR39: 105 | BT39: 194 | BV39: 9 | BY39: 89 | CA39: 105 | CD39: 194 | CH39: =CD39*150 -> 29100 | CI39: =IF(CD39<1001,30000 * 3,50000*3) -> 90000
... A43: 36 | B43: IJEBU IGBO GIRLS GRAMMAR SCHOOL SENIOR IJEBU-IGBO | D43: IJEBU IGBO WEST | H43: 2 | I43: 0 | K43: 0 | M43: 0 | O43: 0 | Q43: 0 | R43: 0 | U43: 0 | W43: 0 | Y43: 0 | AA43: 0 | AC43: 0 | AE43: 0 | AG43: 0 | AI43: 0 | AK43: 0 | AM43: 0 | AO43: 4 | AR43: 0 | AT43: 276 | AV43: 276 | AX43: 4 | AZ43: 0 | BA43: 200 | BB43: 200 | BD43: 4 | BF43: 0 | BI43: 141 | BK43: 141 | BM43: 12 | BQ43: 0 | BR43: 617 | BT43: 617 | BV43: 12 | BY43: 0 | CA43: 617 | CD43: 617 | CH43: =CD43*150 -> 92550 | CI43: =IF(CD43<1001,30000 * 3,50000*3) -> 90000
B44: TOTAL | I44: 63 | K44: 1867 | M44: 1741 | O44: 3608 | Q44: 62 | R44: 1574 | U44: 1685 | W44: 3259 | Y44: 59 | AA44: 1482 | AC44: 1523 | AE44: 3005 | AG44: 184 | AI44: 4923 | AK44: 4949 | AM44: 9872 | AO44: 60 | AR44: 1398 | AT44: 1508 | AV44: 2906 | AX44: 54 | AZ44: 1208 | BA44: 1172 | BB44: 2380 | BD44: 52 | BF44: 831 | BI44: 885 | BK44: 1716 | BM44: 166 | BQ44: 3437 | BR44: 3565 | BT44: 7002 | BV44: 350 | BY44: 8360 | CA44: 8514 | CD44: =SUM(CD8:CG43) -> 16874 | CI44: =SUM(CI8:CI43) -> 3420000 | CJ44: =CI44-CI26 -> 3330000
A45: AMOUNT DUE FOR ZEO @ ₦20 per candidate = | C45: AMOUNT DUE FOR ZEO @ ₦20 PER LEARNER | CI45: =CD44*20 -> 337480 | CQ45: =CO44*20 -> 0
A46: TOTAL RUNNING COST REQUIRED FOR IJEBU NORTH | CI46: =CI44+CI45 -> 3757480 | CQ46: =CQ44+CQ45 -> 0
BY47: =COUNTIF(CD8:CG43, "<1000") -> 33 | BZ47: =COUNTIF(CD8:CG43, ">1000") -> 3
CA53: =BX53*150 -> 0
BZ54: =BW53*150 -> 0

Sheet Ijebu North East New
A1: MINISTRY OF EDUCATION, SCIENCE AND TECHNOLOGY
A2: ZONAL EDUCATION OFFICE, IJEBU NORTH EAST
A3: SITUATION REPORTS OF SECONDARY SCHOOLS
A4: S/N | B4: NAME OF SCHOOLS
A5: 1 | B5: Isoyin Grammar School, Junior.
A6: 2 | B6: Ogbogbo Baptist Grammar School,Junior.
A7: 3 | B7: Ilese Comprehensive High School, Junior
A8: 4 | B8: Deyo-Tuwo Comprehensive High School, Junior
A9: 5 | B9: Isoyin Grammar School, Senior.
A10: 6 | B10: Ogbogbo Baptist Grammar School, Senior.
A11: 7 | B11: Ilese Comprehensive High School, Senior.
A12: 8 | B12: deyo-Tuwo Comprehensive High School, Senior.
A13: 9 | B13: Odopotu Community High School, Odopotu.
A14: 10 | B14: Alaro Community High School, Odosenlu.
A15: 11 | B15: Raluwen High School, Atan.
A16: 12 | B16: Idomila Comprehensive High School, Idomila.
... A18: 14 | B18: Oke-Eri Comprehensive High School, Oke-Eri.
A20: =COUNTA(A5:A18) -> 14

Sheet Ijebu North EAST
A1: MINISTRY OF EDUCATION SCIENCE AND TECHNOLOGY
A2: DEPARTMENT OF SECONDARY RUNNING COST ANALYSIS BY ZONES
A3: RUNNING COST ANALYSIS
A4: IJEBU NORTH EAST
A5: S/N | B5: NAME OF SCHOOLS ( IN FULL AND UPPER CASE) | G5: L.G/LCDA | J5: WARD | L5: J S S 1 | T5: J S S 2 | AC5: J S S 3 | AK5: SUB TOTAL J S S 1 - J S S 3 | AV5: S S S 1 | BB5: S S S 2 | BK5: S S S 3 | BT5: SUB TOTAL S S S 1 - S S S 3 | CD5: GRAND TOTAL | CP5: NUMBER OF TEACHERS | CX5: STATUS | DB5: RUNNING COST @ ₦30,000 FOR LEARNERS < 1000 PER MONTH FOR 3 MONTHS & @ ₦50,000 FOR LEARNERS > 1000 PER MONTH FOR 3 MONTHS
L6: ARM | N6: M | P6: F | R6: T | T6: ARM | V6: M | Y6: F | AA6: T | AC6: ARM | AE6: M | AG6: F | AI6: T | AK6: ARM | AM6: M | AO6: F | AS6: T | AV6: ARM | AW6: M | AY6: F | BA6: T | BB6: ARM | BD6: M | BF6: F | BI6: T | BK6: ARM | BM6: M | BQ6: F | BR6: T | BT6: ARM | BV6: M | BY6: F | CA6: T | CD6: ARM | CG6: M | CJ6: F | CM6: T | CP6: M | CS6: F | CV6: TOTAL
A7: 1 | B7: ILESE COMPREHENSIVE HIGH SCHOOL (JNR.), ILESE | G7: YEMOJI | J7: 8 | L7: 5 | N7: 96 | P7: 94 | R7: 190 | T7: 5 | V7: 79 | Y7: 94 | AA7: 173 | AC7: 5 | AE7: 80 | AG7: 84 | AI7: 164 | AK7: 15 | AM7: 255 | AO7: 272 | AS7: 527 | AV7: 0 | AW7: 0 | AY7: 0 | BA7: 0 | BB7: 0 | BD7: 0 | BF7: 0 | BI7: 0 | BK7: 0 | BM7: 0 | BQ7: 0 | BR7: 0 | BT7: 0 | BV7: 0 | BY7: 0 | CA7: 0 | CD7: 15 | CG7: 255 | CJ7: 272 | CM7: 527 | CP7: 255 | CS7: 272 | CV7: =SUM(CP7:CU7) -> 527 | CX7: SUCCESS | DB7: =IF(CL38<1001,30000 * 3,50000*3) -> 90000
A8: 2 | B8: OGBOGBO BAPTIST GRAMMAR SCHOOL (JNR.), OGBOGBO. | G8: YEMOJI | J8: 9 | L8: 4 | N8: 216 | P8: 151 | R8: 367 | T8: 3 | V8: 99 | Y8: 81 | AA8: 180 | AC8: 2 | AE8: 48 | AG8: 47 | AI8: 95 | AK8: 9 | AM8: 363 | AO8: 279 | AS8: 642 | AV8: 0 | AW8: 0 | AY8: 0 | BA8: 0 | BB8: 0 | BD8: 0 | BF8: 0 | BI8: 0 | BK8: 0 | BM8: 0 | BQ8: 0 | BR8: 0 | BT8: 0 | BV8: 0 | BY8: 0 | CA8: 0 | CD8: 9 | CG8: 363 | CJ8: 279 | CM8: 642 | CP8: 363 | CS8: 279 | CV8: =SUM(CP8:CU8) -> 642 | CX8: SUCCESS | DB8: =IF(CL39<1001,30000 * 3,50000*3) -> 90000
A9: 3 | B9: DEYO-TUWO COMPREHENSIVE HIGH SCHOOL (JNR.), ODODEYO/IMEWURO. | G9: IJEBU NORTH EAST | J9: 3 | L9: 2 | N9: 35 | P9: 25 | R9: 60 | T9: 2 | V9: 23 | Y9: 26 | AA9: 49 | AC9: 2 | AE9: 32 | AG9: 37 | AI9: 69 | AK9: 6 | AM9: 90 | AO9: 88 | AS9: 178 | AV9: 0 | AW9: 0 | AY9: 0 | BA9: 0 | BB9: 0 | BD9: 0 | BF9: 0 | BI9: 0 | BK9: 0 | BM9: 0 | BQ9: 0 | BR9: 0 | BT9: 0 | BV9: 0 | BY9: 0 | CA9: 0 | CD9: 6 | CG9: 90 | CJ9: 88 | CM9: 178 | CP9: 90 | CS9: 88 | CV9: =SUM(CP9:CU9) -> 178 | CX9: SUCCESS | DB9: =IF(CL40<1001,30000 * 3,50000*3) -> 90000
A10: 4 | B10: ISONYIN GRAMMAR SCHOOL (JNR.), ISONYIN. | G10: YEMOJI | J10: 7 | L10: 3 | N10: 57 | P10: 55 | R10: 112 | T10: 2 | V10: 28 | Y10: 30 | AA10: 58 | AC10: 2 | AE10: 21 | AG10: 22 | AI10: 43 | AK10: 7 | AM10: 106 | AO10: 107 | AS10: 213 | AV10: 0 | AW10: 0 | AY10: 0 | BA10: 0 | BB10: 0 | BD10: 0 | BF10: 0 | BI10: 0 | BK10: 0 | BM10: 0 | BQ10: 0 | BR10: 0 | BT10: 0 | BV10: 0 | BY10: 0 | CA10: 0 | CD10: 7 | CG10: 106 | CJ10: 107 | CM10: 213 | CP10: 106 | CS10: 107 | CV10: =SUM(CP10:CU10) -> 213 | CX10: SUCCESS | DB10: =IF(CL41<1001,30000 * 3,50000*3) -> 90000
A11: 5 | B11: ILESE COMPREHENSIVE HIGH SCHOOL (SNR.), ILESE | G11: YEMOJI | J11: 8 | L11: 0 | N11: 0 | P11: 0 | R11: 0 | T11: 0 | V11: 0 | Y11: 0 | AA11: 0 | AC11: 0 | AE11: 0 | AG11: 0 | AI11: 0 | AK11: 0 | AM11: 0 | AO11: 0 | AS11: 0 | AV11: 4 | AW11: 84 | AY11: 78 | BA11: 162 | BB11: 4 | BD11: 70 | BF11: 78 | BI11: 148 | BK11: 4 | BM11: 38 | BQ11: 36 | BR11: 74 | BT11: 12 | BV11: 192 | BY11: 192 | CA11: 384 | CD11: 12 | CG11: 192 | CJ11: 192 | CM11: 384 | CP11: 192 | CS11: 192 | CV11: =SUM(CP11:CU11) -> 384 | CX11: SUCCESS | DB11: =IF(CL42<1001,30000 * 3,50000*3) -> 90000
A12: 6 | B12: OGBOGBO BAPTIST GRAMMAR SCHOOL (SNR.), OGBOGBO. | G12: YEMOJI | J12: 9 | L12: 0 | N12: 0 | P12: 0 | R12: 0 | T12: 0 | V12: 0 | Y12: 0 | AA12: 0 | AC12: 0 | AE12: 0 | AG12: 0 | AI12: 0 | AK12: 0 | AM12: 0 | AO12: 0 | AS12: 0 | AV12: 3 | AW12: 63 | AY12: 44 | BA12: 107 | BB12: 3 | BD12: 81 | BF12: 47 | BI12: 128 | BK12: 3 | BM12: 34 | BQ12: 41 | BR12: 75 | BT12: 9 | BV12: 178 | BY12: 132 | CA12: 310 | CD12: 9 | CG12: 178 | CJ12: 132 | CM12: 310 | CP12: 178 | CS12: 132 | CV12: =SUM(CP12:CU12) -> 310 | CX12: SUCCESS | DB12: =IF(CL43<1001,30000 * 3,50000*3) -> 90000
A13: 7 | B13: DEYO-TUWO COMPREHENSIVE HIGH SCHOOL (SNR.), ODODEYO/IMEWURO. | G13: YEMOJI | J13: 3 | L13: 0 | N13: 0 | P13: 0 | R13: 0 | T13: 0 | V13: 0 | Y13: 0 | AA13: 0 | AC13: 0 | AE13: 0 | AG13: 0 | AI13: 0 | AK13: 0 | AM13: 0 | AO13: 0 | AS13: 0 | AV13: 2 | AW13: 33 | AY13: 33 | BA13: 66 | BB13: 2 | BD13: 12 | BF13: 25 | BI13: 37 | BK13: 2 | BM13: 17 | BQ13: 30 | BR13: 47 | BT13: 6 | BV13: 62 | BY13: 88 | CA13: 150 | CD13: 6 | CG13: 62 | CJ13: 88 | CM13: 150 | CP13: 62 | CS13: 88 | CV13: =SUM(CP13:CU13) -> 150 | CX13: SUCCESS | DB13: =IF(CL44<1001,30000 * 3,50000*3) -> 90000
A14: 8 | B14: ISONYIN GRAMMAR SCHOOL, ISONYIN (SNR.). | G14: YEMOJI | J14: 7 | L14: 0 | N14: 0 | P14: 0 | R14: 0 | T14: 0 | V14: 0 | Y14: 0 | AA14: 0 | AC14: 0 | AE14: 0 | AG14: 0 | AI14: 0 | AK14: 0 | AM14: 0 | AO14: 0 | AS14: 0 | AV14: 3 | AW14: 38 | AY14: 41 | BA14: 79 | BB14: 3 | BD14: 36 | BF14: 34 | BI14: 70 | BK14: 3 | BM14: 21 | BQ14: 36 | BR14: 57 | BT14: 9 | BV14: 95 | BY14: 111 | CA14: 206 | CD14: 9 | CG14: 95 | CJ14: 111 | CM14: 206 | CP14: 95 | CS14: 111 | CV14: =SUM(CP14:CU14) -> 206 | CX14: SUCCESS | DB14: =IF(CL45<1001,30000 * 3,50000*3) -> 90000
A15: 9 | B15: IDOMILA COMPREHENSIVE HIGH SCHOOL, IDOMILA | G15: YEMOJI | J15: 8 | L15: 1 | N15: 37 | P15: 25 | R15: 62 | T15: 1 | V15: 28 | Y15: 21 | AA15: 49 | AC15: 1 | AE15: 22 | AG15: 13 | AI15: 35 | AK15: 3 | AM15: 87 | AO15: 59 | AS15: 146 | AV15: 1 | AW15: 18 | AY15: 23 | BA15: 41 | BB15: 1 | BD15: 6 | BF15: 8 | BI15: 14 | BK15: 1 | BM15: 12 | BQ15: 16 | BR15: 28 | BT15: 3 | BV15: 36 | BY15: 47 | CA15: 83 | CD15: 6 | CG15: 123 | CJ15: 106 | CM15: 229 | CP15: 123 | CS15: 106 | CV15: =SUM(CP15:CU15) -> 229 | CX15: SUCCESS | DB15: =IF(CL46<1001,30000 * 3,50000*3) -> 90000
A16: 10 | B16: ILUGUN CENTRAL ACADEMY, IBIDO/SENBORA | G16: IJEBU NORTH EAST | J16: 2 | L16: 2 | N16: 29 | P16: 17 | R16: 46 | T16: 2 | V16: 28 | Y16: 23 | AA16: 51 | AC16: 2 | AE16: 21 | AG16: 16 | AI16: 37 | AK16: 6 | AM16: 78 | AO16: 56 | AS16: 134 | AV16: 2 | AW16: 18 | AY16: 23 | BA16: 41 | BB16: 2 | BD16: 23 | BF16: 16 | BI16: 39 | BK16: 2 | BM16: 8 | BQ16: 15 | BR16: 23 | BT16: 6 | BV16: 49 | BY16: 54 | CA16: 103 | CD16: 12 | CG16: 127 | CJ16: 110 | CM16: 237 | CP16: 127 | CS16: 110 | CV16: =SUM(CP16:CU16) -> 237 | CX16: SUCCESS | DB16: =IF(CL47<1001,30000 * 3,50000*3) -> 90000
A17: 11 | B17: ODOPOTU COMMUNITY GRAMMAR SCHOOL, ODOPOTU | G17: YEMOJI | J17: 10 | L17: 2 | N17: 52 | P17: 31 | R17: 83 | T17: 2 | V17: 58 | Y17: 51 | AA17: 109 | AC17: 2 | AE17: 44 | AG17: 39 | AI17: 83 | AK17: 6 | AM17: 154 | AO17: 121 | AS17: 275 | AV17: 3 | AW17: 53 | AY17: 40 | BA17: 93 | BB17: 3 | BD17: 33 | BF17: 40 | BI17: 73 | BK17: 3 | BM17: 22 | BQ17: 24 | BR17: 46 | BT17: 9 | BV17: 108 | BY17: 104 | CA17: 212 | CD17: 15 | CG17: 262 | CJ17: 225 | CM17: 487 | CP17: 262 | CS17: 225 | CV17: =SUM(CP17:CU17) -> 487 | CX17: SUCCESS | DB17: =IF(CL48<1001,30000 * 3,50000*3) -> 90000
A18: 12 | B18: RALUWEN HIGH SCHOOL, ATAN. | G18: IJEBU NORTH EAST | J18: 1 | L18: 2 | N18: 52 | P18: 49 | R18: 101 | T18: 2 | V18: 41 | Y18: 39 | AA18: 80 | AC18: 2 | AE18: 28 | AG18: 17 | AI18: 45 | AK18: 6 | AM18: 121 | AO18: 105 | AS18: 226 | AV18: 2 | AW18: 38 | AY18: 35 | BA18: 73 | BB18: 2 | BD18: 14 | BF18: 11 | BI18: 25 | BK18: 2 | BM18: 26 | BQ18: 23 | BR18: 49 | BT18: 6 | BV18: 78 | BY18: 69 | CA18: 147 | CD18: 12 | CG18: 199 | CJ18: 174 | CM18: 373 | CP18: 199 | CS18: 174 | CV18: =SUM(CP18:CU18) -> 373 | CX18: SUCCESS | DB18: =IF(CL49<1001,30000 * 3,50000*3) -> 90000
A19: 13 | B19: ALARO COMMUNITY HIGH SCHOOL, ODOSENLU | G19: IJEBU NORTH EAST | J19: 4 | L19: 1 | N19: 24 | P19: 19 | R19: 43 | T19: 1 | V19: 24 | Y19: 24 | AA19: 48 | AC19: 1 | AE19: 33 | AG19: 30 | AI19: 63 | AK19: 3 | AM19: 81 | AO19: 73 | AS19: 154 | AV19: 1 | AW19: 15 | AY19: 9 | BA19: 24 | BB19: 1 | BD19: 25 | BF19: 15 | BI19: 40 | BK19: 1 | BM19: 11 | BQ19: 10 | BR19: 21 | BT19: 3 | BV19: 51 | BY19: 34 | CA19: 85 | CD19: 6 | CG19: 132 | CJ19: 107 | CM19: 239 | CP19: 132 | CS19: 107 | CV19: =SUM(CP19:CU19) -> 239 | CX19: SUCCESS | DB19: =IF(CL50<1001,30000 * 3,50000*3) -> 90000
B20: TOTAL | L20: 22 | N20: 598 | P20: 466 | R20: 1064 | T20: 20 | V20: 408 | Y20: 389 | AA20: 797 | AC20: 19 | AE20: 329 | AG20: 305 | AI20: 634 | AK20: 61 | AM20: 1335 | AO20: 1160 | AS20: 2495 | AV20: 21 | AW20: 360 | AY20: 326 | BA20: 686 | BB20: 21 | BD20: 300 | BF20: 274 | BI20: 574 | BK20: 21 | BM20: 189 | BQ20: 231 | BR20: 420 | BT20: 63 | BV20: 849 | BY20: 831 | CA20: 1680 | CD20: 124 | CG20: 2184 | CJ20: 1991 | CM20: 4175 | CP20: =SUM(CP7:CR19) -> 2184 | CS20: =SUM(CS7:CU19) -> 1991 | CV20: =SUM(CV7:CW19) -> 4175 | CX20: 13 | DB20: =SUM(DB7:DB19) -> 1170000
B21: AMOUNT DUE FOR ZEO @ ₦20 per candidate = | CF21: =CC20*8 -> 0 | DB21: =CV20*20 -> 83500
A22: TOTAL RUNNING COST REQUIRED FOR IJEBU NORTH EAST | CF22: =CF20+CF21 -> 0 | DB22: =DB21+DB20 -> 1253500
CP23: =COUNTIF(CV7:CW19, "<1000") -> 13 | CQ23: =COUNTIF(CV7:CW19, ">1000") -> 0

Sheet Ifo new
B2: LIST OF PUBLIC SCHOOLS IN IFO | E2: ZONAL EDUCATION OFFICE, IFO
E3: SITUATION REPORT IN PUBLIC SECONDARY SCHOOLS
A5: S/N | B5: NAME OF SCHOOL | C5: NAME OF PRINCIPAL | D5: TELEPHONE NUMBER | E5: NAME OF VICE PRINCIPAL(S) | F5: TELEPHONE NUMBER(S)
B7: JUNIOR
A8: 1 | B8: ADENRELE HIGH SCHOO (JUNIOR), IFO | C8: MR. OGUN DAUDA OLANIYI | D8: 8058878281 | E8: MRS.TIJJANI KEHINDE OLUREMI JOKE, MR SOREMI AKINTUNDE OLUREMI, MR.ADELANI IDRIS ADESANYA | F8: 08034240037, 08030608640, 08065965009
A9: 2 | B9: N.U.D GRAMMAR SCHOOL (JUNIOR),SOLU | C9: MR. ALIMI ADEMOLA FATAI | D9: 7037190036 | E9: MR.ALO CLEMENT BAMIDELE, MR.ADEEKO ADEOYE OLUREMI,MR.OYEDIJI JACOB | F9: 07037085906, 08033713406,08034944316
A10: 3 | B10: AGBADO DISTRICT COMPREHENSIVE HIGH SCHOOL(JNR) OKE-ARO | C10: MR. INYAMA CHIKA CHARLES | D10: 8037617611 | E10: MR.ALALAFIA TAJUDEEN ADEGOKE | F10: 8033340164
A11: 4 | B11: AJUWON HIGH SCHOOL (JUNIOR),AJUWON | C11: MRS. AFABOR OLUNIKE | D11: 8035165626 | E11: OBADIPE OLUFUNMILAYO, LADITE FLORENCE ANIKE, OYEBIMPE FLORENCE OLAYEMI | F11: 08055260520, 08033908153, 08034639366
A12: 5 | B12: ANGLICAN GRAMMAR SCHOOL (JUNIOR) OKENLA | C12: MR.COLE OLUKAYODE ABAYOMI | D12: 8037260462 | E12: MRS. ROTIBI OLUREMI | F12: 8032232229
A13: 6 | B13: COMM. HIGH SCH.(JUNIOR) OJODU-ABIODUN | C13: MRS. ADE-KOLAWOLE BOLATITO DEBORAH | D13: 8033473983 | E13: MR. IBIKUNLE OLUSEGUN | F13: 8058883058
A14: 7 | B14: IFO HIGH SCHOOL (JUNIOR),IFO | C14: MRS.AKINKUNMI GANIYAT ADENIKE | D14: 8082074763 | E14: MR.AKINBODE TUNDE DANIEL, MRS OLAYORI ADEDAYO OMOLARA | F14: 08065965321, 08130070974
A15: 8 | B15: ITOKI COMMUNITY HIGH SCHOOL(JUNIOR), ITOKI. | C15: MR. IDOWU L.B | D15: 08035721263 | E15: MRS. AJAYI, B.F | F15: 08060935767
A16: 9 | B16: PAKOTO HIGH SCHOOL (JUNIOR), AYEDE | C16: MRS. YINKA-ADIGUN KEHINDE MOJISOLA O. | D16: 08020608069 | E16: MR. ODUYOMI MATHEW FOLUSO, MR. AKINSANYA BABATUNDE, MR. ADEDIRE BAMIDELE | F16: 8.035728e+31
B17: SENIOR | F17: TOTAL
A18: 10 | B18: ADENRELE HIGH SCHOO (SENIOR), IFO | C18: MR. SOPEJU OLUSEGUN LADIPO | D18: 08033191887 | E18: MRS.IDOWU FOLASADE FOLAKE, MR. ZANNUS SUNDAY FOLORUNSO, MR.ENILOLOBO ADEKUNLE AJANI | F18: 8035224763, 08037185799, 08034284430
A19: 11 | B19: N.U.D GRAMMAR SCHOOL (SENIOR),SOLU | C19: MR. LASISI ADESINA OLAWALE | D19: 08035232768 | E19: MR. AYELOTAN JIMOH A, MR.SANUSI SULAIMON O, MRS OYELEYE MARGRET | F19: 08064310689, 07063854314,08029434842
A20: 12 | B20: AGBADO DISTRICT COMPREHENSIVE HIGH SCHOOL(SNR) OKE-ARO | C20: MRS. DAODU OLUBUNMI EBUN | D20: 08028599050 | E20: MRS. OGUNRINDE ELIZABETH OLUREMI | F20: 8058213858
A21: 13 | B21: AJUWON HIGH SCHOOL (SENIOR),AJUWON | C21: MRS. OSEWA OMOLARA MODUPE | D21: 08158260785 | E21: MRS.ADESOLA OLUBUKOLA BUNMI | F21: 8055162686
A22: 14 | B22: ANGLICAN GRAMMAR SCHOOL SNR OKENLA | C22: MRS. LADIPO-LIJADU MODUPE ENIOLA | D22: 07084844650 | E22: MR. LESI SIMEON OYEBANJO, MRS.SOLADEMIABIMBOLA ADERONKE | F22: 08028994776, 07031165654
A23: 15 | B23: COMM. HIGH SCH.(SNR) OJODU-ABIODUN | C23: ALHAJA (MRS) OGUNWOOLU,S.O | D23: 07062674882 | E23: MRS. ASEKUNOWO, G.O, MR. AJIBOSO,O.F | F23: 08029148825, 07059178421
A24: 16 | B24: IFO HIGH SCHOOL (SENIOR),IFO | C24: MR.FATOLU DAVID OLUSEGUN | D24: 08035728414 | E24: MR. OKELEYE ADETOLA,M.,MRS. ALAUSA GRACE O. | F24: 08038408890, 08155034812
A25: 17 | B25: ITOKI COMMUNITY HIGH SCHOOL(SENIOR), ITOKI. | C25: MRS.LASISI ABOLAJI OMOLARA | D25: 8023239193 | E25: MR.OGUNLEYE AYODEJI OLUWOLE | F25: 8032481722
A26: 18 | B26: PAKOTO HIGH SCHOOL (SENIOR), AYEDE | C26: MR. MATE ANTHONY OLUSIJI | D26: 8064674326 | E26: MR. FANIFOSIJACOB OLASUNKANMI, MRS. SOYOMBO KEMI ELIZABETH | F26: 08068891617, 08038236898
B27: COMBINED | F27: TOTAL
A28: 19 | B28: COKER AREA COMPREHENSIVE HIGH SCHOOL,COKER | C28: MR. FABIYI KOLAWOLE OLUGBENGA | D28: 8032566844 | E28: MR. AYOADE ADEMUYIWA SAMODI | F28: 8035694619
A29: 20 | B29: COMMUNITY HIGH SCHOOL AKUTE | C29: MRS. ADELAJA FOLUSO PHILIPPA | D29: 08033645737 | E29: MR. BABRINSA OLUMIDE AYINLA | F29: 08024229152
A30: 21 | B30: COMMUNITY HIGH SCHOOL, MOBOLUWADURO | C30: MRS. ODUNMBAKU AFOLAKEMI AJOKE | D30: 8037067077 | E30: MR. ODULARU OLUAGBENIYI DAMILARE, MRS.ISMAEL ABIOYEFUNMILAYO | F30: 08037276480, 08035726655
A31: 22 | B31: COMMUNITY HIGH SCHOOL, ODEWALE | C31: MR. BALOGUN ASIRU SAMUEL | D31: 8032189612 | E31: MR.ONIYIDE OLUSEGUN ABIOLA | F31: 8033450962
A32: 23 | B32: COMMUNITY HIGH SCHOOL,OKUNGBOLU | C32: MR. IGE BABATUNDE OLUSEYE | D32: 8037131074 | E32: MRS. JOHN DUPE, MR FOLORUNSO SUNDAY SEUN | F32: 7051419156
A33: 24 | B33: COMMUNITY HIGH SCHOOL, OLUKE | C33: ADEYI ADETOKUNBO OLADIMEJI | D33: 8023615487 | E33: MRS. ONI ABIGAEL KIKE | F33: 8034943986
A34: 25 | B34: IBOGUN COMPREHENSIVE HIGH SCHOOL,EGBEDA | C34: MR. SANUSI OLADOSU AJAO | D34: 8053515186 | E34: MRS ADEBOYE ESTHER ADERONKE | F34: 8034258920
A35: 26 | B35: MATOGBUN COMMUNITY HIGH SCHOOL | C35: MRS. ALABI OLUBUKANLA OMOTOKE | D35: 08137364622 | E35: MRS. AKANNI OLUDAYO KEHINDE | F35: 08034928447
A36: 27 | B36: OKEPATA COMMUNITY COMMUNITY HIGH SCHOOL,IFO | C36: MR. AROKODARE OLUSOLA GABRIEL | D36: 8034312541 | E36: MR.JEJEOLA PETER OLABODE,MR.AYILARA KILANI OJO | F36: 8035770882 08033000000
A37: 28 | B37: IGBORE ROBIYAN COMMUNITY HIGH SCHOOL, ROBIYAN | C37: MR AMAO JULIU FOLASAYO | D37: 8035720728 | E37: MR. IDOWU ISAAC ABIOYE | F37: 8023923536
A38: 29 | B38: OLAMBE COMMUNITY COMPREHENSIVE HIGH SCHOOL, OLAMBE | C38: MRS.FAKUNLE ADENIKE IYABO | D38: 8033662775 | E38: MRS.NDUKA RITY IJEOMA | F38: 8035022234
A39: 30 | B39: IBOGUN OLAOGUN COMMUNITY HIGH SCHOOL, IBOGUN OLAOGUN | C39: MR ADEYEMO TOYIN ABAYOMI | D39: 8033598853 | E39: MR. AKANJI DANIEL ADETUNJI | F39: 8033602485
A40: 31 | B40: IGBUSI COMPREHENSIVE HIGH SCHOOL, IGBUSI | C40: OLONADE MUIBAT LABAKE | D40: 8069201961 | E40: ADEYEMI MOYOSORE ABIDEMI | F40: 8034112337
F41: TOTAL
A43: =COUNTA(A8:A40) -> 31 | B43: =COUNTIF(#REF!, "<1001") -> #REF! | C43: =COUNTIF(#REF!, "<1001") -> #REF! | D43: =COUNTIF(#REF!, "<1001") -> #REF! | E43: =COUNTIF(#REF!, "<1001") -> #REF! | F43: =COUNTIF(#REF!, "<1001") -> #REF!

Sheet Ifo

Sheet Ipokia New
A2: ZONAL EDUCATION OFFICE, IPOKIA
A3: SITUATION REPORT ON SECONDARY SCHOOLS IN THE ZONE
A4: S/N | B4: NAME OF SCHOOLS
A6: 1 | B6: COMMUNITY COMMERCIAL HIGH SCHOOL, MAUN
A7: 2 | B7: COMMUNITY JUNIOR SECONDARY SCHOOL, IPOKIA
A8: 3 | B8: IKO GATEWAY GRAMMAR SCHOOL, IDIROKO
A9: 4 | B9: OJUMO COMMUNITY SECONDARY SCHOOL IHUNBO
A10: 5 | B10: COMMUNITY HIGH SCHOOL, TUBE
A11: 6 | B11: AGOSASA COMMUNITY SECONDARY, AGOSASA
A12: 7 | B12: IGIRI HIGH SCHOOL, IJOFIN
A13: 8 | B13: ALAARI HIGH SCHOOL, ALAARI
A14: 9 | B14: IMOTU COMMUNITY COMMERCIAL ACADEMY, IFONYINTEDO
B15: SENIOR
A16: 1 | B16: COMMUNITY COMMERCIAL HIGH SCHOOL, MAUN
A17: 2 | B17: COMMUNITY SECONDARY SCHOOL, IPOKIA
A18: 3 | B18: IKO GATEWAY GRAMMAR SCHOOL, IDIROKO
A19: 4 | B19: OJUMO COMMUNITY SECONDARY SCHOOL IHUNBO
A20: 5 | B20: COMMUNITY HIGH SCHOOL, TUBE
A21: 6 | B21: AGOSASA COMMUNITY HIGH SCHOOL, AGOSASA
A22: 7 | B22: IGIRI HIGH SCHOOL, IJOFIN
A23: 8 | B23: ALAARI HIGH SCHOOL, ALAARI
A24: 9 | B24: IMOTU COMMUNITY COMMERCIAL ACADEMY, IFONYINTEDO
B25: COMBINED
A26: 1 | B26: AGUDE COMMUNIITY HIGH SCHOOL, ONIRO
A27: 2 | B27: DISTRICT HIGH SCHOOL, IPOKIA
A28: 3 | B28: OGBE COMMUNITY HIGH SCHOOL, MEDE-AJEGUNLE
A29: 4 | B29: TAYESE COMMUNITY SECONDARY SCHOOL, IBATEFIN
A30: 5 | B30: COMMUNITY HIGH SCHOOL, AGADA
A31: 6 | B31: MAYIGI COMMUNITY COMPREHENSIVE HIGH SCHOOL, ILASE
A33: =COUNTA(A6:A31) -> 24

Sheet IPOKIA
A1: MINISTRY OF EDUCATION SCIENCE AND TECHNOLOGY
A2: DEPARTMENT OF SECONDARY RUNNING COST ANALYSIS BY ZONES
A3: RUNNING COST ANALYSIS
A4: IPOKIA
A5: ZONE: | G5: IPOKIA | AE5: NUMBER OF SECONDARY SCHOOLS AVAILABLE | AO5: 22 | AY5: DATA ENTRY STATUS: | BQ5: IPOKIA
A6: S/N | B6: NAME OF SCHOOLS ( IN FULL AND UPPER CASE) | G6: L.G/LCDA | J6: WARD | L6: J S S 1 | T6: J S S 2 | AC6: J S S 3 | AK6: SUB TOTAL J S S 1 - J S S 3 | AV6: S S S 1 | BB6: S S S 2 | BK6: S S S 3 | BT6: SUB TOTAL S S S 1 - S S S 3 | CD6: NUMBER OF LEARNERS | CP6: NUMBER OF TEACHERS | CX6: STATUS | DB6: RUNNING COST @ ₦30,000 FOR LEARNERS < 1000 PER MONTH FOR 3 MONTHS & @ ₦50,000 FOR LEARNERS > 1000 PER MONTH FOR 3 MONTHS
L7: ARM | N7: M | P7: F | R7: T | T7: ARM | V7: M | Y7: F | AA7: T | AC7: ARM | AE7: M | AG7: F | AI7: T | AK7: ARM | AM7: M | AO7: F | AS7: T | AV7: ARM | AW7: M | AY7: F | BA7: T | BB7: ARM | BD7: M | BF7: F | BI7: T | BK7: ARM | BM7: M | BQ7: F | BR7: T | BT7: ARM | BV7: M | BY7: F | CA7: T | CD7: ARM | CG7: M | CJ7: F | CM7: TOTAL | CP7: M | CS7: F | CV7: T
A8: 1 | B8: OJUMO COMMUNITY JUNIOR SECONDARY SCHOOL, IHUNBO. | G8: IPOKIA / IDIROKO- ILASHE | J8: IHU NB O | L8: 4 | N8: 146 | P8: 129 | R8: 275 | T8: 3 | V8: 135 | Y8: 105 | AA8: 240 | AC8: 3 | AE8: 116 | AG8: 108 | AI8: 224 | AK8: 10 | AM8: 397 | AO8: 342 | AS8: 739 | AV8: 0 | AW8: 0 | AY8: 0 | BA8: 0 | BB8: 0 | BD8: 0 | BF8: 0 | BI8: 0 | BK8: 0 | BM8: 0 | BQ8: 0 | BR8: 0 | BT8: 0 | BV8: 0 | BY8: 0 | CA8: 0 | CD8: 10 | CG8: 397 | CJ8: 342 | CM8: 739 | CP8: 9 | CS8: 4 | CV8: 13 | CX8: SUCCESS | DB8: =IF(CM8<1001,30000 * 3,50000*3) -> 90000
A9: 2 | B9: COMMUNITY SECONDARY SCHOOL SCHOOL, IPOKIA | G9: IPOKIA | J9: IPO KIA | L9: 5 | N9: 183 | P9: 187 | R9: 370 | T9: 4 | V9: 156 | Y9: 133 | AA9: 289 | AC9: 3 | AE9: 110 | AG9: 110 | AI9: 220 | AK9: 12 | AM9: 449 | AO9: 430 | AS9: 879 | AV9: 0 | AW9: 0 | AY9: 0 | BA9: 0 | BB9: 0 | BD9: 0 | BF9: 0 | BI9: 0 | BK9: 0 | BM9: 0 | BQ9: 0 | BR9: 0 | BT9: 0 | BV9: 0 | BY9: 0 | CA9: 0 | CD9: 12 | CG9: 449 | CJ9: 430 | CM9: 879 | CP9: 10 | CS9: 5 | CV9: 15 | CX9: SUCCESS | DB9: =IF(CM9<1001,30000 * 3,50000*3) -> 90000
A10: 3 | B10: AGOSASA COMMUNITY SECONDARY SCHOOL, AGOSASA | G10: IPOKIA / IPOKIA WEST | J10: AG OS ASA | L10: 7 | N10: 309 | P10: 291 | R10: 600 | T10: 7 | V10: 239 | Y10: 227 | AA10: 466 | AC10: 7 | AE10: 239 | AG10: 194 | AI10: 433 | AK10: 21 | AM10: 787 | AO10: 712 | AS10: 1499 | AV10: 0 | AW10: 0 | AY10: 0 | BA10: 0 | BB10: 0 | BD10: 0 | BF10: 0 | BI10: 0 | BK10: 0 | BM10: 0 | BQ10: 0 | BR10: 0 | BT10: 0 | BV10: 0 | BY10: 0 | CA10: 0 | CD10: 21 | CG10: 787 | CJ10: 712 | CM10: 1499 | CP10: 9 | CS10: 7 | CV10: 16 | CX10: SUCCESS | DB10: =IF(CM10<1001,30000 * 3,50000*3) -> 150000
A11: 4 | B11: ALAARI HIGH SCHOOL JUNIOR, ALAARI | G11: IPOKIA / IDIROKO- ILASHE | J11: IFO NYI NTE | L11: 2 | N11: 62 | P11: 56 | R11: 118 | T11: 1 | V11: 68 | Y11: 48 | AA11: 116 | AC11: 1 | AE11: 56 | AG11: 37 | AI11: 93 | AK11: 4 | AM11: 186 | AO11: 141 | AS11: 327 | AV11: 0 | AW11: 0 | AY11: 0 | BA11: 0 | BB11: 0 | BD11: 0 | BF11: 0 | BI11: 0 | BK11: 0 | BM11: 0 | BQ11: 0 | BR11: 0 | BT11: 0 | BV11: 0 | BY11: 0 | CA11: 0 | CD11: 4 | CG11: 186 | CJ11: 141 | CM11: 327 | CP11: 6 | CS11: 1 | CV11: 7 | CX11: SUCCESS | DB11: =IF(CM11<1001,30000 * 3,50000*3) -> 90000
A12: 5 | B12: COMMUNITY HIGH SCHOOL JNR, TUBE | G12: IPOKIA / IPOKIA WEST | J12: TUB E | L12: 6 | N12: 256 | P12: 188 | R12: 444 | T12: 6 | V12: 247 | Y12: 198 | AA12: 445 | AC12: 5 | AE12: 250 | AG12: 138 | AI12: 388 | AK12: 17 | AM12: 753 | AO12: 524 | AS12: 1277 | AV12: 0 | AW12: 0 | AY12: 0 | BA12: 0 | BB12: 0 | BD12: 0 | BF12: 0 | BI12: 0 | BK12: 0 | BM12: 0 | BQ12: 0 | BR12: 0 | BT12: 0 | BV12: 0 | BY12: 0 | CA12: 0 | CD12: 17 | CG12: 753 | CJ12: 524 | CM12: 1277 | CP12: 9 | CS12: 3 | CV12: 12 | CX12: SUCCESS | DB12: =IF(CM12<1001,30000 * 3,50000*3) -> 150000
A13: 6 | B13: IKO GATEWAY GRAMMAR SCHOOL JNR, IDIROKO. | G13: IPOKIA / IDIROKO- | J13: IDIR OK | L13: 5 | N13: 256 | P13: 239 | R13: 495 | T13: 6 | V13: 292 | Y13: 258 | AA13: 550 | AC13: 5 | AE13: 209 | AG13: 228 | AI13: 437 | AK13: 16 | AM13: 757 | AO13: 725 | AS13: 1482 | AV13: 0 | AW13: 0 | AY13: 0 | BA13: 0 | BB13: 0 | BD13: 0 | BF13: 0 | BI13: 0 | BK13: 0 | BM13: 0 | BQ13: 0 | BR13: 0 | BT13: 0 | BV13: 0 | BY13: 0 | CA13: 0 | CD13: 16 | CG13: 757 | CJ13: 725 | CM13: 1482 | CP13: 5 | CS13: 11 | CV13: 16 | CX13: SUCCESS | DB13: =IF(CM13<1001,30000 * 3,50000*3) -> 150000
A14: 7 | B14: IMOTU COMMUNITY COMMERCIAL ACADEMY, IFONYINTEDO. | G14: IPOKIA / IDIROKO- | J14: IFO NYI | L14: 3 | N14: 80 | P14: 83 | R14: 163 | T14: 3 | V14: 118 | Y14: 105 | AA14: 223 | AC14: 3 | AE14: 76 | AG14: 83 | AI14: 159 | AK14: 9 | AM14: 274 | AO14: 271 | AS14: 545 | AV14: 0 | AW14: 0 | AY14: 0 | BA14: 0 | BB14: 0 | BD14: 0 | BF14: 0 | BI14: 0 | BK14: 0 | BM14: 0 | BQ14: 0 | BR14: 0 | BT14: 0 | BV14: 0 | BY14: 0 | CA14: 0 | CD14: 9 | CG14: 274 | CJ14: 271 | CM14: 545 | CP14: 4 | CS14: 5 | CV14: 9 | CX14: SUCCESS | DB14: =IF(CM14<1001,30000 * 3,50000*3) -> 90000
A15: 8 | B15: IGIRI JUNIOR HIGH SCHOO, IJOFIN. | G15: IPOKIA / IPOKIA WEST | J15: IJO FIN | L15: 3 | N15: 119 | P15: 93 | R15: 212 | T15: 3 | V15: 137 | Y15: 103 | AA15: 240 | AC15: 3 | AE15: 111 | AG15: 99 | AI15: 210 | AK15: 9 | AM15: 367 | AO15: 295 | AS15: 662 | AV15: 0 | AW15: 0 | AY15: 0 | BA15: 0 | BB15: 0 | BD15: 0 | BF15: 0 | BI15: 0 | BK15: 0 | BM15: 0 | BQ15: 0 | BR15: 0 | BT15: 0 | BV15: 0 | BY15: 0 | CA15: 0 | CD15: 9 | CG15: 367 | CJ15: 295 | CM15: 662 | CP15: 11 | CS15: 1 | CV15: 12 | CX15: SUCCESS | DB15: =IF(CM15<1001,30000 * 3,50000*3) -> 90000
A16: 9 | B16: COMMUNITY COMMERCIAL HIGH SCHOOL JUNIOR, MAUN. | G16: IPOKIA / IPOKIA. | J16: MA UN | L16: 6 | N16: 144 | P16: 188 | R16: 332 | T16: 6 | V16: 149 | Y16: 162 | AA16: 311 | AC16: 6 | AE16: 132 | AG16: 138 | AI16: 270 | AK16: 18 | AM16: 425 | AO16: 488 | AS16: 913 | AV16: 0 | AW16: 0 | AY16: 0 | BA16: 0 | BB16: 0 | BD16: 0 | BF16: 0 | BI16: 0 | BK16: 0 | BM16: 0 | BQ16: 0 | BR16: 0 | BT16: 0 | BV16: 0 | BY16: 0 | CA16: 0 | CD16: 18 | CG16: 425 | CJ16: 488 | CM16: 913 | CP16: 10 | CS16: 3 | CV16: 13 | CX16: SUCCESS | DB16: =IF(CM16<1001,30000 * 3,50000*3) -> 90000
A17: 10 | B17: OJUMO COMMUNITY SENIOR HIGH SCHOOL, IHUNBO. | G17: IPOKIA / IDIROKO- ILASHE | J17: IHU NB O | L17: 0 | N17: 0 | P17: 0 | R17: 0 | T17: 0 | V17: 0 | Y17: 0 | AA17: 0 | AC17: 0 | AE17: 0 | AG17: 0 | AI17: 0 | AK17: 0 | AM17: 0 | AO17: 0 | AS17: 0 | AV17: 3 | AW17: 63 | AY17: 96 | BA17: 159 | BB17: 3 | BD17: 64 | BF17: 60 | BI17: 124 | BK17: 3 | BM17: 56 | BQ17: 51 | BR17: 107 | BT17: 9 | BV17: 183 | BY17: 207 | CA17: 390 | CD17: 9 | CG17: 183 | CJ17: 207 | CM17: 390 | CP17: 14 | CS17: 2 | CV17: 16 | CX17: SUCCESS | DB17: =IF(CM17<1001,30000 * 3,50000*3) -> 90000
A18: 11 | B18: COMMUNITY SENIOR SECONDARY SCHOOL, IPOKIA | G18: IPOKIA | J18: IPO KIA | L18: 0 | N18: 0 | P18: 0 | R18: 0 | T18: 0 | V18: 0 | Y18: 0 | AA18: 0 | AC18: 0 | AE18: 0 | AG18: 0 | AI18: 0 | AK18: 0 | AM18: 0 | AO18: 0 | AS18: 0 | AV18: 3 | AW18: 108 | AY18: 93 | BA18: 201 | BB18: 3 | BD18: 111 | BF18: 107 | BI18: 218 | BK18: 3 | BM18: 91 | BQ18: 105 | BR18: 196 | BT18: 9 | BV18: 310 | BY18: 305 | CA18: 615 | CD18: 9 | CG18: 310 | CJ18: 305 | CM18: 615 | CP18: 10 | CS18: 2 | CV18: 12 | CX18: SUCCESS | DB18: =IF(CM18<1001,30000 * 3,50000*3) -> 90000
A19: 12 | B19: AGOSASA COMMUNITY HIGH SCHOOL, AGOSASA | G19: IPOKIA / IPOKIA WEST | J19: AG OS ASA | L19: 0 | N19: 0 | P19: 0 | R19: 0 | T19: 0 | V19: 0 | Y19: 0 | AA19: 0 | AC19: 0 | AE19: 0 | AG19: 0 | AI19: 0 | AK19: 0 | AM19: 0 | AO19: 0 | AS19: 0 | AV19: 7 | AW19: 225 | AY19: 214 | BA19: 439 | BB19: 6 | BD19: 198 | BF19: 188 | BI19: 386 | BK19: 6 | BM19: 144 | BQ19: 118 | BR19: 262 | BT19: 19 | BV19: 567 | BY19: 520 | CA19: 1087 | CD19: 19 | CG19: 567 | CJ19: 520 | CM19: 1087 | CP19: 13 | CS19: 12 | CV19: 25 | CX19: SUCCESS | DB19: =IF(CM19<1001,30000 * 3,50000*3) -> 150000
... A29: 22 | B29: DISTRICT HIGH SCHOOL, IPOKIA | G29: IPOKIA / IPOKIA | J29: IPO KIA | L29: 3 | N29: 79 | P29: 90 | R29: 169 | T29: 2 | V29: 101 | Y29: 73 | AA29: 174 | AC29: 2 | AE29: 94 | AG29: 96 | AI29: 190 | AK29: 7 | AM29: 274 | AO29: 259 | AS29: 533 | AV29: 3 | AW29: 69 | AY29: 73 | BA29: 142 | BB29: 2 | BD29: 56 | BF29: 71 | BI29: 127 | BK29: 1 | BM29: 25 | BQ29: 34 | BR29: 59 | BT29: 6 | BV29: 150 | BY29: 178 | CA29: 328 | CD29: 13 | CG29: 424 | CJ29: 437 | CM29: 861 | CP29: 9 | CS29: 4 | CV29: 13 | CX29: SUCCESS | DB29: =IF(CM29<1001,30000 * 3,50000*3) -> 90000
B30: TOTAL | L30: 53 | N30: 1937 | P30: 1863 | R30: 3800 | T30: 50 | V30: 1898 | Y30: 1687 | AA30: 3585 | AC30: 47 | AE30: 1632 | AG30: 1480 | AI30: 3112 | AK30: 150 | AM30: 5467 | AO30: 5030 | AS30: 10497 | AV30: 42 | AW30: 1442 | AY30: 1335 | BA30: 2777 | BB30: 39 | BD30: 1381 | BF30: 1316 | BI30: 2697 | BK30: 38 | BM30: 919 | BQ30: 917 | BR30: 1836 | BT30: 119 | BV30: 3742 | BY30: 3568 | CA30: 7310 | CD30: 269 | CG30: 9209 | CJ30: 8598 | CM30: 17807 | CP30: 213 | CS30: 104 | CV30: 317 | CX30: 22 | DB30: =SUM(DB8:DB29) -> 2280000
A31: AMOUNT DUE FOR ZEO @ ₦20 per learner = | CV31: =CK30*20 -> 0 | DB31: =CM30*20 -> 356140
A32: TOTAL RUNNING COST REQUIRED FOR IPOKIA | CV32: =CV30+CV31 -> 317 | DB32: =DB30+DB31 -> 2636140
CJ33: =COUNTIF(CM8:CO30, "<1000") -> 17 | CK33: =COUNTIF(CM8:CO29, ">1000") -> 5

Sheet Ijebu East New
A1: 9 | B1: MINISTRY OF EDUCATION, SCIENCE AND TECHNOLOGY, ABEOKUTA
B2: DEPARTMENT OF SECONDARY EDUCATION
B4: SITUATION REPORT ON SECONDARY SCHOOLS IN THE ZONE
B6: ZONE: ____________________________________________
A8: S/N | B8: NAME OF SCHOOLS
A9: 1 | B9: COMPREHENSIVE HIGH SCHOOL (JNR) IJEBU IFE
A10: 2 | B10: ITELE HIGH SCHOOL (JNR) ITELE IJEBU
A11: 3 | B11: ST. ANTHONY'S GRAMMAR SCHOOL(JNR) ESURE IJEBU IMUSIN
A12: 4 | B12: ST. BRENDAN'S GRAMMAR SCHOOL(JNR)OGBERE
A13: 5 | B13: COMPREHENSIVE HIGH SCHOOL (SNR) IJEBU IFE
A14: 6 | B14: ITELE HIGH SCHOOL (SNR) ITELE IJEBU
A15: 7 | B15: ST. ANTHONY'S GRAMMAR SCHOOL (SNR) ESURE IJEBU IMUSIN
A16: 8 | B16: ST. BRENDAN'S GRAMMAR SCHOOL (SNR)OGBERE
A17: 9 | B17: PLANTATION HIGH SCHOOL, AREA J4
A18: 10 | B18: COMPREHENSIVE HIGH SCHOOL, IJEBU IMUSIN
A19: 11 | B19: AJEBANDELE HIGH SCHOOL, AJEBANDELE J4
A20: 12 | B20: COMMUNITY COMPREHENSIVE HIGH SCHOOL, J4/J6
... A27: 19 | B27: COMMUNITY HIGH SCHOOL, OLOOJI AREA J4
A29: =COUNTA(A9:A27) -> 19

Sheet Ijebu East

Sheet ODOGBOLU NEW
B1: MINISTRY OF EDUCATION SCIENCE AND TECNOLOGY, ABEOKUTA
B2: ZONAL EDUCATION OFFICE, ODOGBOLU
B3: SITUATION REPORT ON SECONDARY SCHOOLS
A4: S/N | B4: NAME OF SCHOOL
B5: SENIOR
A6: 1 | B6: ANGLICAN COMPREHENSIVE HIGH SCHOOL, IKOTO SNR
A7: 2 | B7: MULTILATERAL GRAMMAR SCHOOL, OKUN-OWA
A8: 3 | B8: OSOSA COMPREHENSIVE HIGH SCHOOL, OSOSA
A9: 4 | B9: ODOGBOLU COMPREHENSIVE HIGH SCHOOL,ODOGBOLU
A10: 5 | B10: ODOGBOLU GRAMMAR SCHOOL, ODOGBOLU
A11: 6 | B11: OMU-AJOSE COMPREHENSIVE HIGH SCHOOL, ODOGBOLU
A12: 7 | B12: IBEFUN/ILADO COMPREHENSIVE HIGH SCHOOL, IBEFUN
A13: 8 | B13: ODUA COMPREHENSIVE HIGH SCHOOL, IMORU
B15: JUNIOR
A16: 1 | B16: ANGLICAN COMPREHENSIVE HIGH SCHOOL, IKOTO
A17: 2 | B17: MULTILATERAL GRAMMAR SCHOOL, OKUN-OWA
A18: 3 | B18: OSOSA COMPREHENSIVE HIGH SCHOOL, OSOSA
A19: 4 | B19: ODOGBOLU COMPREHENSIVE HIGH SCHOOL,ODOGBOLU
A20: 5 | B20: ODOGBOLU GRAMMAR SCHOOL, ODOGBOLU
A21: 6 | B21: OMU-AJOSE COMPREHENSIVE HIGH SCHOOL, ODOGBOLU
A22: 7 | B22: IBEFUN/ILADO COMPREHENSIVE HIGH SCHOOL, IBEFUN
A23: 8 | B23: ODUA COMPREHENSIVE HIGH SCHOOL, IMORU
B24: COMBINED
A25: 1 | B25: AIYEPE COMPREHENSIVE HIGH SCHOOL, AIYEPE
A26: 2 | B26: COMMUNITY GRAMMAR SCHOOL, AIYEPE
A27: 3 | B27: IDOWA COMPREHENSIVE HIGH SCHOOL, IDOWA
A28: 4 | B28: IGBILE COMMUNITY HIGH SCHOOL, IGBILE
A29: 5 | B29: IJEBU SOUNTHERN DISTRICT GRAMMAR SCHOOL, ALA
A30: 6 | B30: OGBO COMMUNITY COMPREHENSIVE HIGH SCHOOL, OGBO
A31: 7 | B31: IFESOWAPO COMPREHENSIVE HIGH SCHOOL
A32: 8 | B32: IKANGBA COMPREHENSIVE HIGH SCHOOL, IKANGBA
A33: 9 | B33: IMODI-IJASI COMPREHENSIVE HIGH SCHOOL, IMODI
A34: 10 | B34: MORAIKA COMPREHENSIVE HIGH SCHOOL, ATIBA
A35: 11 | B35: IMAGBON/IMAKA COMPREHENSIVE HIGH SCHOOL, IMAGBO
A36: 12 | B36: TITILAYO AGBAJE MEMORIAL COMPREHENSIVE HIGH SCHOOL, IMOSAN
A38: =COUNTA(A6:A36) -> 28

Sheet Ijebu Ode New
A1: MINIDTRY OF EDUCATION, SCIENCE & TECHNOLOGY
A2: DEPARTMENT OF SECONDARY
A3: IJEBU ODE
A4: S/N | B4: NAME OF SCHOOL (SENIOR)
A5: 1 | B5: ADEOLA ODUTOLA COLLEGE
A6: 2 | B6: ANGLICAN GIRLS GRAMMAR SCHOOL
A7: 3 | B7: ANSAR-UD-DEEN HIGH SCHOOL, IJEBU-ODE
A8: 4 | B8: CHRIST CHURCH HIGH SCHOOL, SABO
A9: 5 | B9: IJEBU MUSLIM COLLEGE, I-ODE
A10: 6 | B10: IJEBU-ODE GRAMMAR SCHOOL, I-ODE
A11: 7 | B11: LUBA COMPREHENSIVE SCHOOL
A12: 8 | B12: MOLIPA HIGH SCHOOL, I-ODE
A13: 9 | B13: MOSLEM COMPREHENSIVE HIGH SCHOOL
A14: 10 | B14: MUSLIM GIRLS HIGH SCHOOL, I-ODE
A15: 11 | B15: OUR LADY OF APOSTLES SECONDARY SCHOOL
B16: JUNIOR SCHOOLS
A17: 12 | B17: ADEOLA ODUTOLA COLLEGE
A18: 13 | B18: ANGLICAN GIRLS GRAM. SCH.
A19: 14 | B19: ANSAR-UD-DEEN HIGH. SCH. I-ODE
A20: 15 | B20: CHRIST CHURCH HIGH SCHOOL
A21: 16 | B21: IJEBU MUSLIM COLLEGE, I-ODE
A22: 17 | B22: IJEBU-ODE GRAM. SCH.
A23: 18 | B23: LUBA COMP. HIGH SCHOOL
A24: 19 | B24: MOLIPA HIGH SCHOOL
A25: 20 | B25: MOSLEM COMP. HIGH SCHOOL
A26: 21 | B26: MUSLIM GIRLS HIGH SCH.
A27: 22 | B27: OUR LADY OF APOSTLES SECONDARY SCHOOL
B28: COMBINED SCHOOLS
A29: 23 | B29: ANSAR-UD-DEEN HIGH SCHOOL, ISINWO
A30: 24 | B30: GOVERNMENT SCIENCE & TECHNICAL COLLEGE
A31: 25 | B31: ITAMAPAKO HIGH SCHOOL, ILOTI
A32: 26 | B32: OBAFEMI AWOLOWO COMP. HIGH SCHOOL, ODONOKO
B33: TOTAL
A34: =COUNTA(A5:A32) -> 26

Sheet ZONAL SUMMARY 
A1: MINISTRY OF EDUCATION SCIENCE AND TECHNOLOGY
A2: DEPARTMENT OF SECONDARY
A3: AUTOMATED REPORT ON RUNNING COST ANALYSIS BY ZONES
A5: BASED ON ENROLMENT DATA AS AT 12TH FEBRUARY 2019
A6: S/N | B6: NAME OF ZONE | D6: TOTAL NO OF LEARNERS IN SECONDARY SCHOOLS | E6: TOTAL NO OF LEARNERS IN TECHNICAL COLLEGES | F6: TOTAL NUMBER OF LEARNERS | G6: TOTAL AMOUNT DUE @₦150 PER LEARNER IN SECONDARY SCHOOLS | H6: TOTAL AMOUNT DUE @₦1200 PER LEARNER IN TECHNICAL COLLEGES | I6: TOTAL NUMBER OF SCHOOLS WITH < OR = 1000 LEARNERS | J6: TOTAL NUMBER OF SCHOOLS WITH > 1000 LEARNERS | K6: TOTAL AMOUNT DUE FOR ZEO @ ₦20 PER LEARNERS AT SECONDARY AND TECHNICAL SCHOOLS | L6: TOTAL RUNNING COST @ ₦30,000 FOR LEARNERS < 1000 PER MONTH FOR 3 MONTHS & @ ₦50,000 FOR LEARNERS > 1000 PER MONTH FOR 3 MONTHS | M6: TOTAL RUNNING COST REQUIRED
A7: 1 | B7: Abeokuta North | D7: ='ABEOKUTA NORTH'!CM33 -> 27701 | E7: NIL | F7: =SUM(D7:E7) -> 27701 | G7: ='ABEOKUTA NORTH'!CX33 -> 3000000 | H7: NIL | I7: ='ABEOKUTA NORTH'!CG36 -> #REF! | J7: ='ABEOKUTA NORTH'!CH36 -> 11 | K7: ='ABEOKUTA NORTH'!CX34 -> 554020 | L7: ='ABEOKUTA NORTH'!CX33 -> 3000000 | M7: =K7+L7 -> 3554020 | N7: =(I7*90000+J7*150000) -> #REF!
A8: 2 | B8: Abeokuta South | D8: ='ABEOKUTA SOUTH'!CP47-E8 -> 0 | E8: ='ABEOKUTA SOUTH'!CP46 -> 0 | F8: =SUM(D8:E8) -> 0 | G8: ='ABEOKUTA SOUTH'!CY47-H8 -> 0 | H8: =E8*1200 -> 0 | I8: ='ABEOKUTA SOUTH'!CK50 -> 0 | J8: ='ABEOKUTA SOUTH'!CL50 -> 0 | K8: ='ABEOKUTA SOUTH'!CY48 -> 0 | L8: ='ABEOKUTA SOUTH'!CY47 -> 0 | M8: =K8+L8 -> 0 | N8: =(I8*90000+J8*150000) -> 0
A9: 3 | B9: Ado-Odo/Ota | D9: =#REF!-E9 -> #REF! | E9: =#REF! -> #REF! | F9: =SUM(D9:E9) -> #REF! | G9: =#REF!-H9 -> #REF! | H9: =E9*1200 -> #REF! | I9: =#REF! -> #REF! | J9: =#REF! -> #REF! | K9: =#REF! -> #REF! | L9: =#REF! -> #REF! | M9: =K9+L9 -> #REF! | N9: =(I9*90000+J9*150000) -> #REF!
A10: 4 | B10: Ewekoro | D10: =EWEKORO!CM20-E10 -> 13111 | E10: =EWEKORO!CM19 -> 233 | F10: =SUM(D10:E10) -> 13344 | G10: =EWEKORO!CP20-H10 -> 1190400 | H10: =E10*1200 -> 279600 | I10: =EWEKORO!CG23 -> 8 | J10: =EWEKORO!CH23 -> 5 | K10: =EWEKORO!CP21 -> 266880 | L10: =EWEKORO!CP20 -> 1470000 | M10: =K10+L10 -> 1736880 | N10: =(I10*90000+J10*150000) -> 1470000
A11: 5 | B11: Ifo | D11: =Ifo!#REF! -> #REF! | E11: NIL | F11: =SUM(D11:E11) -> #REF! | G11: =Ifo!CO39 -> 0 | H11: NIL | I11: =Ifo!BZ44 -> 0 | J11: =Ifo!CA44 -> 0 | K11: =Ifo!CO40 -> 0 | L11: =Ifo!CO39 -> 0 | M11: =K11+L11 -> 0 | N11: =(I11*90000+J11*150000) -> 0
A12: 6 | B12: Ijebu East | D12: ='Ijebu East'!CM25 -> 0 | E12: NIL | F12: =SUM(D12:E12) -> 0 | G12: ='Ijebu East'!CO25 -> 0 | H12: NIL | I12: ='Ijebu East'!CG28 -> 0 | J12: ='Ijebu East'!CH28 -> 0 | K12: ='Ijebu East'!CO26 -> 0 | L12: ='Ijebu East'!CO25 -> 0 | M12: =K12+L12 -> 0 | N12: =(I12*90000+J12*150000) -> 0
A13: 7 | B13: Ijebu North East | D13: ='Ijebu North EAST'!CV20 -> 4175 | E13: NIL | F13: =SUM(D13:E13) -> 4175 | G13: ='Ijebu North EAST'!DB20 -> 1170000 | H13: NIL | I13: ='Ijebu North EAST'!CP23 -> 13 | J13: ='Ijebu North EAST'!CQ23 -> 0 | K13: ='Ijebu North EAST'!DB21 -> 83500 | L13: ='Ijebu North EAST'!DB20 -> 1170000 | M13: =K13+L13 -> 1253500 | N13: =(I13*90000+J13*150000) -> 1170000
A14: 8 | B14: Ijebu North | D14: ='Ijebu North'!CD44-E14 -> 16768 | E14: ='Ijebu North'!CD27 -> 106 | F14: =D14+E14 -> 16874 | G14: ='Ijebu North'!CI44-H14 -> 3292800 | H14: =E14*1200 -> 127200 | I14: ='Ijebu North'!BY47 -> 33 | J14: ='Ijebu North'!BZ47 -> 3 | K14: ='Ijebu North'!CI45 -> 337480 | L14: ='Ijebu North'!CI44 -> 3420000 | M14: =K14+L14 -> 3757480 | N14: =(I14*90000+J14*150000) -> 3420000 | O14: =N14+H14 -> 3547200
A15: 9 | B15: Ijebu Ode | D15: ='Ijebu Ode'!CM33-E15 -> 25755 | E15: ='Ijebu Ode'!CM30 -> 489 | F15: =SUM(D15:E15) -> 26244 | G15: ='Ijebu Ode'!DB33-H15 -> 2413200 | H15: =E15*1200 -> 586800 | I15: ='Ijebu Ode'!CG36 -> 15 | J15: ='Ijebu Ode'!CH36 -> 11 | K15: ='Ijebu Ode'!DB34 -> 524880 | L15: ='Ijebu Ode'!DB33 -> 3000000 | M15: =K15+L15 -> 3524880 | N15: =(I15*90000+J15*150000) -> 3000000
A16: 10 | B16: Ikenne | D16: =Ikenne!CM24 -> 0 | E16: NIL | F16: =SUM(D16:E16) -> 0 | G16: =Ikenne!DA24 -> 1800000 | H16: NIL | I16: =Ikenne!CI27 -> 15 | J16: =Ikenne!CJ27 -> 3 | K16: =Ikenne!DA25 -> 0 | L16: =Ikenne!DA24 -> 1800000 | M16: =K16+L16 -> 1800000 | N16: =(I16*90000+J16*150000) -> 1800000
A17: 11 | B17: Imeko/Afon | D17: ='Imeko Afon'!CN55 -> 6371 | E17: NIL | F17: =SUM(D17:E17) -> 6371 | G17: ='Imeko Afon'!DA55 -> 1530000 | H17: NIL | I17: ='Imeko Afon'!CH58 -> 17 | J17: ='Imeko Afon'!CI58 -> 0 | K17: ='Imeko Afon'!DA56 -> 127420 | L17: ='Imeko Afon'!DA55 -> 1530000 | M17: =K17+L17 -> 1657420 | N17: =(I17*90000+J17*150000) -> 1530000
A18: 12 | B18: Ipokia | D18: =IPOKIA!CM30 -> 17807 | E18: NIL | F18: =SUM(D18:E18) -> 17807 | G18: =IPOKIA!DB30 -> 2280000 | H18: NIL | I18: =IPOKIA!CJ33 -> 17 | J18: =IPOKIA!CK33 -> 5 | K18: =IPOKIA!DB31 -> 356140 | L18: =IPOKIA!DB30 -> 2280000 | M18: =K18+L18 -> 2636140 | N18: =(I18*90000+J18*150000) -> 2280000
A19: 13 | B19: Obafemi Owode | D19: ='Obafemi Owode'!CX29 -> 0 | E19: NIL | F19: =SUM(D19:E19) -> 0 | G19: ='Obafemi Owode'!DG29 -> 0 | H19: NIL | I19: ='Obafemi Owode'!CR33 -> 22 | J19: ='Obafemi Owode'!CS33 -> 0 | K19: ='Obafemi Owode'!DG30 -> 0 | L19: ='Obafemi Owode'!DG29 -> 0 | M19: =K19+L19 -> 0 | N19: =(I19*90000+J19*150000) -> 1980000
A20: 14 | B20: Odeda | D20: =Odeda!CJ25 -> 0 | E20: NIL | F20: =SUM(D20:E20) -> 0 | G20: =Odeda!CM25 -> 0 | H20: NIL | I20: =Odeda!CD28 -> 0 | J20: =Odeda!CE28 -> 0 | K20: =Odeda!CM26 -> 0 | L20: =Odeda!CM25 -> 0 | M20: =K20+L20 -> 0 | N20: =(I20*90000+J20*150000) -> 0
A21: 15 | B21: Odogbolu | D21: =ODOGBOLU!CM32 -> 8515 | E21: NIL | F21: =SUM(D21:E21) -> 8515 | G21: =ODOGBOLU!DB32 -> 2250000 | H21: NIL | I21: =ODOGBOLU!CG35 -> 25 | J21: =ODOGBOLU!CH35 -> 0 | K21: =ODOGBOLU!DB33 -> 170300 | L21: =ODOGBOLU!DB32 -> 2250000 | M21: =K21+L21 -> 2420300 | N21: =(I21*90000+J21*150000) -> 2250000
A22: 16 | B22: Remo North | D22: ='Remo North'!CM16-E22 -> 3485 | E22: ='Remo North'!CM15 -> 28 | F22: =SUM(D22:E22) -> 3513 | G22: ='Remo North'!DB16-H22 -> 776400 | H22: =E22*1200 -> 33600 | I22: ='Remo North'!CD19 -> 9 | J22: ='Remo North'!CE19 -> 0 | K22: ='Remo North'!DB17 -> 70260 | L22: ='Remo North'!DB16 -> 810000 | M22: =K22+L22 -> 880260 | N22: =(I22*90000+J22*150000) -> 810000
A23: 17 | B23: Sagamu | D23: =Sagamu!CD35 -> 29003 | E23: NIL | F23: =SUM(D23:E23) -> 29003 | G23: =Sagamu!CT35 -> 3210000 | H23: NIL | I23: =Sagamu!BZ38 -> 14 | J23: =Sagamu!CA38 -> 13 | K23: =Sagamu!CT36 -> 580060 | L23: =Sagamu!CT35 -> 3210000 | M23: =K23+L23 -> 3790060 | N23: =(I23*90000+J23*150000) -> 3210000
A24: 18 | B24: Ogun Waterside | D24: ='OGUN WATERSIDE'!CN55 -> 6789 | E24: NIL | F24: =SUM(D24:E24) -> 6789 | G24: ='OGUN WATERSIDE'!DD55 -> 1710000 | H24: NIL | I24: ='OGUN WATERSIDE'!CK58 -> 19 | J24: ='OGUN WATERSIDE'!CL58 -> 0 | K24: ='OGUN WATERSIDE'!DD56 -> 135780 | L24: ='OGUN WATERSIDE'!DD55 -> 1710000 | M24: =K24+L24 -> 1845780 | N24: =(I24*90000+J24*150000) -> 1710000
A25: 19 | B25: Yewa North | D25: ='YEWA NORTH'!CJ40-E25 -> 15782 | E25: ='YEWA NORTH'!CJ18 -> 437 | F25: =SUM(D25:E25) -> 16219 | G25: ='YEWA NORTH'!CY40-H25 -> 2595600 | H25: =E25*1200 -> 524400 | I25: ='YEWA NORTH'!CD43 -> 28 | J25: ='YEWA NORTH'!CE43 -> 4 | K25: ='YEWA NORTH'!CY41 -> 324380 | L25: ='YEWA NORTH'!CY40 -> 3120000 | M25: =K25+L25 -> 3444380 | N25: =(I25*90000+J25*150000) -> 3120000
A26: 20 | B26: Yewa South | D26: ='YEWA SOUTH'!CN51 -> 22911 | E26: NIL | F26: =SUM(D26:E26) -> 22911 | G26: ='YEWA SOUTH'!DA51 -> 2610000 | H26: NIL | I26: ='YEWA SOUTH'!CK54 -> 14 | J26: ='YEWA SOUTH'!CL54 -> 9 | K26: ='YEWA SOUTH'!DA52 -> 458220 | L26: ='YEWA SOUTH'!DA51 -> 2610000 | M26: =K26+L26 -> 3068220 | N26: =(I26*90000+J26*150000) -> 2610000
B27: GRAND TOTAL | D27: =SUM(D7:D26) -> #REF! | E27: =SUM(E7:E26) -> #REF! | F27: =SUM(F7:F26) -> #REF! | G27: =SUM(G7:G26) -> #REF! | H27: =SUM(H7:H26) -> #REF! | I27: =SUM(I7:I26) -> #REF! | J27: =SUM(J7:J26) -> #REF! | K27: =SUM(K7:K26) -> #REF! | ... N27: =SUM(N7:N26) -> #REF!
A29: SUMMARY OF AUTOMATED REPORT OF RUNNING COST ANALYSIS ON ENROLMENT DATA
A30: TOTAL NUMBER OF LEARNERS IN SECONDARY SCHOOLS (JSS & SSS) TECHNICAL COLLEGES EXCLUSIVE | K30: =E27 -> #REF!
A31: GRAND TOTAL NUMBER OF STUDENTS | K31: =F27 -> #REF! | L31: 396079 | N31: 58898550
A32: TOTAL NUMBER OF SCHOOLS WITH < OR = 1000 LEARNERS | K32: =I27 -> #REF! | L32: 478
A33: TOTAL NUMBER OF SCHOOLS WITH > 1000 LEARNERS | K33: =J27 -> #REF!
B34: GRAND TOTAL NUMBER OF SCHOOLS | K34: =K32+K33 -> #REF!
A35: TOTAL RUNNING COST @ ₦30,000 or ₦50,000 AS APPLICABLE | K35: =L27 -> #REF! | L35: =K35+K37 -> #REF!
A36: TOTAL AMOUNT DUE @₦1200 PER LEARNER IN TECHNICAL COLLEGES | K36: =K27 -> #REF!
A37: TOTAL AMOUNT DUE FOR ZEO @ ₦20 PER LEARNER AT BOTH SECONDARY AND TECHNICAL SCHOOLS | K37: =K27 -> #REF!
A38: GRAND TOTAL AMOUNT REQUIRED FOR RUNNING COST IN ALL SECONDARY SCHOOLS | K38: =K35+K37 -> #REF!
D40: =D27*150 -> #REF! | E40: =D14*150 -> 2515200
E41: =E27*1200 -> #REF!

Sheet ODOGBOLU
A1: MINISTRY OF EDUCATION SCIENCE AND TECHNOLOGY
A2: DEPARTMENT OF SECONDARY RUNNING COST ANALYSIS BY ZONES
A3: RUNNING COST ANALYSIS
A4: ODOGBOLU
A5: S/N | B5: NAME OF SCHOOLS ( IN FULL AND UPPER CASE) | G5: L.G/LCDA | J5: WARD | L5: J S S 1 | T5: J S S 2 | AC5: J S S 3 | AK5: SUB TOTAL J S S 1 - J S S 3 | AV5: S S S 1 | BB5: S S S 2 | BK5: S S S 3 | BT5: SUB TOTAL S S S 1 - S S S 3 | CP5: NUMBER OF TEACHERS | CX5: STATUS | DB5: RUNNING COST @ ₦30,000 FOR LEARNERS < 1000 PER MONTH FOR 3 MONTHS & @ ₦50,000 FOR LEARNERS > 1000 PER MONTH FOR 3 MONTHS
L6: ARM | N6: M | P6: F | R6: T | T6: ARM | V6: M | Y6: F | AA6: T | AC6: ARM | AE6: M | AG6: F | AI6: T | AK6: ARM | AM6: M | AO6: F | AS6: T | AV6: ARM | AW6: M | AY6: F | BA6: T | BB6: ARM | BD6: M | BF6: F | BI6: T | BK6: ARM | BM6: M | BP6: F | BR6: T | BT6: ARM | BV6: M | BY6: F | CA6: T | CD6: ARM | CG6: M | CJ6: F | CM6: T | CP6: M | CS6: F | CV6: T
A7: 1 | B7: ANGLICAN COMPREHENSIVE HIGH SCH, (JNR) IKOTO | G7: ODOGBOLU | J7: 11 | L7: 4 | N7: 105 | P7: 83 | R7: 188 | T7: 4 | V7: 116 | Y7: 95 | AA7: 211 | AC7: 4 | AE7: 84 | AG7: 88 | AI7: 172 | AK7: 12 | AM7: 305 | AO7: 266 | AS7: 571 | AV7: 0 | AW7: 0 | AY7: 0 | BA7: 0 | BB7: 0 | BD7: 0 | BF7: 0 | BI7: 0 | BK7: 0 | BM7: 0 | BP7: 0 | BR7: 0 | BT7: 0 | BV7: 0 | BY7: 0 | CA7: 0 | CD7: 12 | CG7: 305 | CJ7: 266 | CM7: 571 | CP7: 6 | CS7: 19 | CV7: 25 | CX7: SUCCESS | DB7: =IF(CM7<1001,30000 * 3,50000*3) -> 90000
A8: 2 | B8: IBEFUN/ILADO COMPREHENSIVE HIGH SCH (JNR), IBEFUN | G8: ODOGBOLU | J8: 9 | L8: 4 | N8: 66 | P8: 57 | R8: 123 | T8: 4 | V8: 56 | Y8: 50 | AA8: 106 | AC8: 4 | AE8: 64 | AG8: 56 | AI8: 120 | AK8: 12 | AM8: 186 | AO8: 163 | AS8: 349 | AV8: 0 | AW8: 0 | AY8: 0 | BA8: 0 | BB8: 0 | BD8: 0 | BF8: 0 | BI8: 0 | BK8: 0 | BM8: 0 | BP8: 0 | BR8: 0 | BT8: 0 | BV8: 0 | BY8: 0 | CA8: 0 | CD8: 12 | CG8: 186 | CJ8: 163 | CM8: 349 | CP8: 7 | CS8: 7 | CV8: 14 | CX8: SUCCESS | DB8: =IF(CM8<1001,30000 * 3,50000*3) -> 90000
A9: 3 | B9: MULTILATERAL GRAMMAR SCHOOL, (JNR) OKUN- OWA | G9: ODOGBOLU | J9: 3 | L9: 3 | N9: 66 | P9: 57 | R9: 123 | T9: 3 | V9: 42 | Y9: 44 | AA9: 86 | AC9: 3 | AE9: 46 | AG9: 34 | AI9: 80 | AK9: 9 | AM9: 154 | AO9: 135 | AS9: 289 | AV9: 0 | AW9: 0 | AY9: 0 | BA9: 0 | BB9: 0 | BD9: 0 | BF9: 0 | BI9: 0 | BK9: 0 | BM9: 0 | BP9: 0 | BR9: 0 | BT9: 0 | BV9: 0 | BY9: 0 | CA9: 0 | CD9: 9 | CG9: 154 | CJ9: 135 | CM9: 289 | CP9: 9 | CS9: 8 | CV9: 17 | CX9: SUCCESS | DB9: =IF(CM9<1001,30000 * 3,50000*3) -> 90000
A10: 4 | B10: ODOGBOLU COMPREHENSIVE HIGH SCH,(JNR) ODOGBOLU | G10: ODOGBOLU | J10: 4 | L10: 3 | N10: 59 | P10: 71 | R10: 130 | T10: 2 | V10: 56 | Y10: 68 | AA10: 124 | AC10: 2 | AE10: 35 | AG10: 44 | AI10: 79 | AK10: 7 | AM10: 150 | AO10: 183 | AS10: 333 | AV10: 0 | AW10: 0 | AY10: 0 | BA10: 0 | BB10: 0 | BD10: 0 | BF10: 0 | BI10: 0 | BK10: 0 | BM10: 0 | BP10: 0 | BR10: 0 | BT10: 0 | BV10: 0 | BY10: 0 | CA10: 0 | CD10: 7 | CG10: 150 | CJ10: 183 | CM10: 333 | CP10: 8 | CS10: 8 | CV10: 16 | CX10: SUCCESS | DB10: =IF(CM10<1001,30000 * 3,50000*3) -> 90000
A11: 5 | B11: ODOGBOLU GRAMMAR. SCHOOL,(JNR) ODOGBOLU | G11: ODOGBOLU | J11: 5 | L11: 3 | N11: 78 | P11: 67 | R11: 145 | T11: 3 | V11: 51 | Y11: 44 | AA11: 95 | AC11: 3 | AE11: 48 | AG11: 56 | AI11: 104 | AK11: 9 | AM11: 177 | AO11: 167 | AS11: 344 | AV11: 0 | AW11: 0 | AY11: 0 | BA11: 0 | BB11: 0 | BD11: 0 | BF11: 0 | BI11: 0 | BK11: 0 | BM11: 0 | BP11: 0 | BR11: 0 | BT11: 0 | BV11: 0 | BY11: 0 | CA11: 0 | CD11: 9 | CG11: 177 | CJ11: 167 | CM11: 344 | CP11: 7 | CS11: 13 | CV11: 20 | CX11: SUCCESS | DB11: =IF(CM11<1001,30000 * 3,50000*3) -> 90000
A12: 6 | B12: ODU'A COMPREHENSIVE HIGH SCH, (JNR) IMORU | G12: ODOGBOLU | J12: 11 | L12: 2 | N12: 33 | P12: 22 | R12: 55 | T12: 2 | V12: 24 | Y12: 18 | AA12: 42 | AC12: 2 | AE12: 21 | AG12: 20 | AI12: 41 | AK12: 6 | AM12: 78 | AO12: 60 | AS12: 138 | AV12: 0 | AW12: 0 | AY12: 0 | BA12: 0 | BB12: 0 | BD12: 0 | BF12: 0 | BI12: 0 | BK12: 0 | BM12: 0 | BP12: 0 | BR12: 0 | BT12: 0 | BV12: 0 | BY12: 0 | CA12: 0 | CD12: 6 | CG12: 78 | CJ12: 60 | CM12: 138 | CP12: 4 | CS12: 13 | CV12: 17 | CX12: SUCCESS | DB12: =IF(CM12<1001,30000 * 3,50000*3) -> 90000
A13: 7 | B13: OMU AJOSE COMPREHENSIVE HIGH SCH, (JNR) OMU | G13: ODOGBOLU | J13: 14 | L13: 4 | N13: 68 | P13: 75 | R13: 143 | T13: 4 | V13: 60 | Y13: 60 | AA13: 120 | AC13: 4 | AE13: 65 | AG13: 82 | AI13: 147 | AK13: 12 | AM13: 193 | AO13: 217 | AS13: 410 | AV13: 0 | AW13: 0 | AY13: 0 | BA13: 0 | BB13: 0 | BD13: 0 | BF13: 0 | BI13: 0 | BK13: 0 | BM13: 0 | BP13: 0 | BR13: 0 | BT13: 0 | BV13: 0 | BY13: 0 | CA13: 0 | CD13: 12 | CG13: 193 | CJ13: 217 | CM13: 410 | CP13: 5 | CS13: 12 | CV13: 17 | CX13: SUCCESS | DB13: =IF(CM13<1001,30000 * 3,50000*3) -> 90000
A14: 8 | B14: OSOSA COMPREHENSIVE HIGH SCH, (JNR) OSOSA | G14: ODOGBOLU | J14: 7 | L14: 3 | N14: 95 | P14: 96 | R14: 191 | T14: 3 | V14: 78 | Y14: 91 | AA14: 169 | AC14: 3 | AE14: 97 | AG14: 81 | AI14: 178 | AK14: 9 | AM14: 270 | AO14: 268 | AS14: 538 | AV14: 0 | AW14: 0 | AY14: 0 | BA14: 0 | BB14: 0 | BD14: 0 | BF14: 0 | BI14: 0 | BK14: 0 | BM14: 0 | BP14: 0 | BR14: 0 | BT14: 0 | BV14: 0 | BY14: 0 | CA14: 0 | CD14: 9 | CG14: 270 | CJ14: 268 | CM14: 538 | CP14: 7 | CS14: 10 | CV14: 17 | CX14: SUCCESS | DB14: =IF(CM14<1001,30000 * 3,50000*3) -> 90000
A15: 9 | B15: ANGLICAN COMPREHENSIVE HIGH SCH, (SNR) IKOTO | G15: ODOGBOLU | J15: 11 | L15: 0 | N15: 0 | P15: 0 | R15: 0 | T15: 0 | V15: 0 | Y15: 0 | AA15: 0 | AC15: 0 | AE15: 0 | AG15: 0 | AI15: 0 | AK15: 0 | AM15: 0 | AO15: 0 | AS15: 0 | AV15: 3 | AW15: 87 | AY15: 68 | BA15: 155 | BB15: 3 | BD15: 74 | BF15: 53 | BI15: 127 | BK15: 3 | BM15: 53 | BP15: 31 | BR15: 84 | BT15: 9 | BV15: 214 | BY15: 152 | CA15: 366 | CD15: 9 | CG15: 214 | CJ15: 152 | CM15: 366 | CP15: 9 | CS15: 16 | CV15: 25 | CX15: SUCCESS | DB15: =IF(CM15<1001,30000 * 3,50000*3) -> 90000
A16: 10 | B16: IBEFUN/ILADO COMPREHENSIVE HIGH SCH, (SNR), IBEFUN | G16: ODOGBOLU | J16: 9 | L16: 0 | N16: 0 | P16: 0 | R16: 0 | T16: 0 | V16: 0 | Y16: 0 | AA16: 0 | AC16: 0 | AE16: 0 | AG16: 0 | AI16: 0 | AK16: 0 | AM16: 0 | AO16: 0 | AS16: 0 | AV16: 4 | AW16: 82 | AY16: 57 | BA16: 139 | BB16: 3 | BD16: 14 | BF16: 20 | BI16: 34 | BK16: 3 | BM16: 25 | BP16: 41 | BR16: 66 | BT16: 10 | BV16: 121 | BY16: 118 | CA16: 239 | CD16: 10 | CG16: 121 | CJ16: 118 | CM16: 239 | CP16: 13 | CS16: 6 | CV16: 19 | CX16: SUCCESS | DB16: =IF(CM16<1001,30000 * 3,50000*3) -> 90000
A17: 11 | B17: MULTILATERAL GRAMMAR SCH, (SNR)OKUN- OWA | G17: ODOGBOLU | J17: 3 | L17: 0 | N17: 0 | P17: 0 | R17: 0 | T17: 0 | V17: 0 | Y17: 0 | AA17: 0 | AC17: 0 | AE17: 0 | AG17: 0 | AI17: 0 | AK17: 0 | AM17: 0 | AO17: 0 | AS17: 0 | AV17: 3 | AW17: 23 | AY17: 68 | BA17: 91 | BB17: 3 | BD17: 41 | BF17: 41 | BI17: 82 | BK17: 3 | BM17: 17 | BP17: 16 | BR17: 33 | BT17: 9 | BV17: 81 | BY17: 125 | CA17: 206 | CD17: 9 | CG17: 81 | CJ17: 125 | CM17: 206 | CP17: 12 | CS17: 5 | CV17: 17 | CX17: SUCCESS | DB17: =IF(CM17<1001,30000 * 3,50000*3) -> 90000
A18: 12 | B18: ODOGBOLU COMPREHENSIVE HIGH SCH,(SNR) ODOGBOLU | G18: ODOGBOLU | J18: 6 | L18: 0 | N18: 0 | P18: 0 | R18: 0 | T18: 0 | V18: 0 | Y18: 0 | AA18: 0 | AC18: 0 | AE18: 0 | AG18: 0 | AI18: 0 | AK18: 0 | AM18: 0 | AO18: 0 | AS18: 0 | AV18: 3 | AW18: 43 | AY18: 32 | BA18: 75 | BB18: 3 | BD18: 25 | BF18: 34 | BI18: 59 | BK18: 3 | BM18: 17 | BP18: 12 | BR18: 29 | BT18: 9 | BV18: 85 | BY18: 78 | CA18: 163 | CD18: 9 | CG18: 85 | CJ18: 78 | CM18: 163 | CP18: 5 | CS18: 7 | CV18: 12 | CX18: SUCCESS | DB18: =IF(CM18<1001,30000 * 3,50000*3) -> 90000
... A31: 25 | B31: TITILAYO AGBAJE MEMORIAL COMPREHENSIVE SCH | G31: ODOGBOLU | J31: 1 | L31: 2 | N31: 61 | P31: 51 | R31: 112 | T31: 2 | V31: 32 | Y31: 47 | AA31: 79 | AC31: 2 | AE31: 36 | AG31: 35 | AI31: 71 | AK31: 6 | AM31: 129 | AO31: 133 | AS31: 262 | AV31: 3 | AW31: 30 | AY31: 28 | BA31: 58 | BB31: 3 | BD31: 34 | BF31: 39 | BI31: 73 | BK31: 3 | BM31: 13 | BP31: 21 | BR31: 34 | BT31: 9 | BV31: 77 | BY31: 88 | CA31: 165 | CD31: 15 | CG31: 206 | CJ31: 221 | CM31: 427 | CP31: 12 | CS31: 18 | CV31: 30 | CX31: SUCCESS | DB31: =IF(CM31<1001,30000 * 3,50000*3) -> 90000
B32: TOTAL | L32: 45 | N32: 1046 | P32: 923 | R32: 1969 | T32: 43 | V32: 772 | Y32: 794 | AA32: 1566 | AC32: 42 | AE32: 702 | AG32: 705 | AI32: 1407 | AK32: 130 | AM32: 2520 | AO32: 2422 | AS32: 4942 | AV32: 52 | AW32: 868 | AY32: 758 | BA32: 1626 | BB32: 51 | BD32: 623 | BF32: 558 | BI32: 1181 | BK32: 51 | BM32: 369 | BP32: 397 | BR32: 766 | BT32: 154 | BV32: 1860 | BY32: 1713 | CA32: 3573 | CD32: 284 | CG32: 4380 | CJ32: 4135 | CM32: 8515 | CP32: 246 | CS32: 292 | CV32: 538 | CX32: 25 | DB32: =SUM(DB7:DB31) -> 2250000
C33: AMOUNT DUE FOR ZEO @ ₦20 per learner = | DB33: =CM32*20 -> 170300
F34: TOTAL RUNNING COST REQUIRED FOR ODOGBOLU | DB34: =DB32+DB33 -> 2420300
CG35: =COUNTIF(CM7:CO31, "<1000") -> 25 | CH35: =COUNTIF(CM7:CO31, ">1000") -> 0
B38: =COUNTA(B7:F31)-COUNTIF(B7:F31,"GOVERNMENT SCIENCE") -> 25 | C38: =COUNTIF(A17:E33,"GOVERNMENT SCIENCE") -> 0

Sheet Ijebu Ode
A1: MINISTRY OF EDUCATION SCIENCE AND TECHNOLOGY
A2: DEPARTMENT OF SECONDARY RUNNING COST ANALYSIS BY ZONES
A3: RUNNING COST ANALYSIS
A4: IJEBU ODE
A5: S/N | B5: NAME OF SCHOOLS ( IN FULL AND UPPER CASE) | G5: L.G/LCDA | J5: WARD | L5: J S S 1 | T5: J S S 2 | AC5: J S S 3 | AK5: SUB TOTAL J S S 1 - J S S 3 | AV5: S S S 1 | BB5: S S S 2 | BK5: S S S 3 | BT5: SUB TOTAL S S S 1 - S S S 3 | CP5: NUMBER OF TEACHERS | CX5: STATUS | DB5: RUNNING COST @ ₦30,000 FOR LEARNERS < 1000 PER MONTH FOR 3 MONTHS & @ ₦50,000 FOR LEARNERS > 1000 PER MONTH FOR 3 MONTHS
L6: ARM | N6: M | P6: F | R6: T | T6: ARM | V6: M | Y6: F | AA6: T | AC6: ARM | AE6: M | AG6: F | AI6: T | AK6: ARM | AM6: M | AO6: F | AS6: T | AV6: ARM | AW6: M | AY6: F | BA6: T | BB6: ARM | BD6: M | BF6: F | BI6: T | BK6: ARM | BM6: M | BQ6: F | BR6: T | BT6: ARM | BV6: M | BY6: F | CA6: T | CD6: ARM | CG6: M | CJ6: F | CM6: T | CP6: M | CS6: F | CV6: T
A7: 1 | B7: ADEOLA ODUTOLA COLLEGE (JNR), ODUTOLA ROAD, IJEBU-ODE | G7: IJEBU ODE | J7: 6 | L7: 13 | N7: 710 | P7: 342 | R7: 1052 | T7: 9 | V7: 486 | Y7: 300 | AA7: 786 | AC7: 5 | AE7: 266 | AG7: 144 | AI7: 410 | AK7: 27 | AM7: 1462 | AO7: 786 | AS7: 2248 | AV7: 0 | AW7: 0 | AY7: 0 | BA7: 0 | BB7: 0 | BD7: 0 | BF7: 0 | BI7: 0 | BK7: 0 | BM7: 0 | BQ7: 0 | BR7: 0 | BT7: 0 | BV7: 0 | BY7: 0 | CA7: 0 | CD7: 27 | CG7: 1462 | CJ7: 786 | CM7: 2248 | CP7: 14 | CS7: 48 | CV7: 62 | CX7: SUCCESS | DB7: =IF(CM7<1001,30000 * 3,50000*3) -> 150000
A8: 2 | B8: ANGLICAN GIRLS' GRAMMAR SCHOOL (JNR), OBALENDE, IJEBU-ODE | G8: IJEBU ODE | J8: 7 | L8: 5 | N8: 0 | P8: 488 | R8: 488 | T8: 5 | V8: 0 | Y8: 443 | AA8: 443 | AC8: 2 | AE8: 0 | AG8: 161 | AI8: 161 | AK8: 12 | AM8: 0 | AO8: 1092 | AS8: 1092 | AV8: 0 | AW8: 0 | AY8: 0 | BA8: 0 | BB8: 0 | BD8: 0 | BF8: 0 | BI8: 0 | BK8: 0 | BM8: 0 | BQ8: 0 | BR8: 0 | BT8: 0 | BV8: 0 | BY8: 0 | CA8: 0 | CD8: 12 | CG8: 0 | CJ8: 1092 | CM8: 1092 | CP8: 7 | CS8: 30 | CV8: 37 | CX8: SUCCESS | DB8: =IF(CM8<1001,30000 * 3,50000*3) -> 150000
A9: 3 | B9: ANSAR-UD-DEEN HIGH SCHOOL (JNR), IJEBU- ODE | G9: IJEBU ODE | J9: 9 | L9: 13 | N9: 375 | P9: 347 | R9: 722 | T9: 11 | V9: 355 | Y9: 287 | AA9: 642 | AC9: 2 | AE9: 60 | AG9: 58 | AI9: 118 | AK9: 26 | AM9: 790 | AO9: 692 | AS9: 1482 | AV9: 0 | AW9: 0 | AY9: 0 | BA9: 0 | BB9: 0 | BD9: 0 | BF9: 0 | BI9: 0 | BK9: 0 | BM9: 0 | BQ9: 0 | BR9: 0 | BT9: 0 | BV9: 0 | BY9: 0 | CA9: 0 | CD9: 26 | CG9: 790 | CJ9: 692 | CM9: 1482 | CP9: 11 | CS9: 29 | CV9: 40 | CX9: SUCCESS | DB9: =IF(CM9<1001,30000 * 3,50000*3) -> 150000
A10: 4 | B10: CHRIST CHURCH HIGH SCHOOL (JNR), SABO, IJEBU-ODE | G10: IJEBU ODE | J10: 8 | L10: 3 | N10: 123 | P10: 128 | R10: 251 | T10: 3 | V10: 124 | Y10: 102 | AA10: 226 | AC10: 2 | AE10: 49 | AG10: 87 | AI10: 136 | AK10: 8 | AM10: 296 | AO10: 317 | AS10: 613 | AV10: 0 | AW10: 0 | AY10: 0 | BA10: 0 | BB10: 0 | BD10: 0 | BF10: 0 | BI10: 0 | BK10: 0 | BM10: 0 | BQ10: 0 | BR10: 0 | BT10: 0 | BV10: 0 | BY10: 0 | CA10: 0 | CD10: 8 | CG10: 296 | CJ10: 317 | CM10: 613 | CP10: 6 | CS10: 24 | CV10: 30 | CX10: SUCCESS | DB10: =IF(CM10<1001,30000 * 3,50000*3) -> 90000
A11: 5 | B11: IJEBU MUSLIM COLLEGE (JNR), IJEBU-ODE | G11: IJEBU ODE | J11: 6 | L11: 10 | N11: 576 | P11: 405 | R11: 981 | T11: 8 | V11: 406 | Y11: 304 | AA11: 710 | AC11: 6 | AE11: 229 | AG11: 158 | AI11: 387 | AK11: 24 | AM11: 1211 | AO11: 867 | AS11: 2078 | AV11: 0 | AW11: 0 | AY11: 0 | BA11: 0 | BB11: 0 | BD11: 0 | BF11: 0 | BI11: 0 | BK11: 0 | BM11: 0 | BQ11: 0 | BR11: 0 | BT11: 0 | BV11: 0 | BY11: 0 | CA11: 0 | CD11: 24 | CG11: 1211 | CJ11: 867 | CM11: 2078 | CP11: 15 | CS11: 27 | CV11: 42 | CX11: SUCCESS | DB11: =IF(CM11<1001,30000 * 3,50000*3) -> 150000
A12: 6 | B12: IJEBU-ODE GRAMMAR SCHOOL (JNR), IJEBU- ODE | G12: IJEBU ODE | J12: 7 | L12: 8 | N12: 647 | P12: 0 | R12: 647 | T12: 8 | V12: 556 | Y12: 0 | AA12: 556 | AC12: 5 | AE12: 448 | AG12: 0 | AI12: 448 | AK12: 21 | AM12: 1651 | AO12: 0 | AS12: 1651 | AV12: 0 | AW12: 0 | AY12: 0 | BA12: 0 | BB12: 0 | BD12: 0 | BF12: 0 | BI12: 0 | BK12: 0 | BM12: 0 | BQ12: 0 | BR12: 0 | BT12: 0 | BV12: 0 | BY12: 0 | CA12: 0 | CD12: 21 | CG12: 1651 | CJ12: 0 | CM12: 1651 | CP12: 9 | CS12: 36 | CV12: 45 | CX12: SUCCESS | DB12: =IF(CM12<1001,30000 * 3,50000*3) -> 150000
A13: 7 | B13: LUBA COMPREHENSIVE SCHOOL (JNR), IJEBU- ODE | G13: IJEBU ODE | J13: 9 | L13: 3 | N13: 69 | P13: 66 | R13: 135 | T13: 3 | V13: 72 | Y13: 61 | AA13: 133 | AC13: 3 | AE13: 40 | AG13: 28 | AI13: 68 | AK13: 9 | AM13: 181 | AO13: 155 | AS13: 336 | AV13: 0 | AW13: 0 | AY13: 0 | BA13: 0 | BB13: 0 | BD13: 0 | BF13: 0 | BI13: 0 | BK13: 0 | BM13: 0 | BQ13: 0 | BR13: 0 | BT13: 0 | BV13: 0 | BY13: 0 | CA13: 0 | CD13: 9 | CG13: 181 | CJ13: 155 | CM13: 336 | CP13: 5 | CS13: 19 | CV13: 24 | CX13: SUCCESS | DB13: =IF(CM13<1001,30000 * 3,50000*3) -> 90000
A14: 8 | B14: MOLIPA HIGH SCHOOL (JNR), IJEBU-ODE | G14: IJEBU ODE | J14: 3 | L14: 6 | N14: 218 | P14: 216 | R14: 434 | T14: 5 | V14: 143 | Y14: 117 | AA14: 260 | AC14: 2 | AE14: 47 | AG14: 46 | AI14: 93 | AK14: 13 | AM14: 408 | AO14: 379 | AS14: 787 | AV14: 0 | AW14: 0 | AY14: 0 | BA14: 0 | BB14: 0 | BD14: 0 | BF14: 0 | BI14: 0 | BK14: 0 | BM14: 0 | BQ14: 0 | BR14: 0 | BT14: 0 | BV14: 0 | BY14: 0 | CA14: 0 | CD14: 13 | CG14: 408 | CJ14: 379 | CM14: 787 | CP14: 8 | CS14: 24 | CV14: 32 | CX14: SUCCESS | DB14: =IF(CM14<1001,30000 * 3,50000*3) -> 90000
A15: 9 | B15: MOSLEM COMPREHENSIVE HIGH SCHOOL (JNR), IJEBU-ODE | G15: IJEBU ODE | J15: 6 | L15: 8 | N15: 281 | P15: 208 | R15: 489 | T15: 8 | V15: 228 | Y15: 219 | AA15: 447 | AC15: 6 | AE15: 107 | AG15: 133 | AI15: 240 | AK15: 22 | AM15: 616 | AO15: 560 | AS15: 1176 | AV15: 0 | AW15: 0 | AY15: 0 | BA15: 0 | BB15: 0 | BD15: 0 | BF15: 0 | BI15: 0 | BK15: 0 | BM15: 0 | BQ15: 0 | BR15: 0 | BT15: 0 | BV15: 0 | BY15: 0 | CA15: 0 | CD15: 22 | CG15: 616 | CJ15: 560 | CM15: 1176 | CP15: 7 | CS15: 31 | CV15: 38 | CX15: SUCCESS | DB15: =IF(CM15<1001,30000 * 3,50000*3) -> 150000
